trade_id,symbol,side,entry_price,position_size,entry_time,exit_price,exit_time,exit_reason,pnl,trade_type,execution_status,rejection_reason,news_title,news_confidence,combined_confidence,finbert_score,keyword_score,topic,technical_confidence,liquidity_score,momentum_score,volume_score,rsi,price_trend,bid_ask_spread,market_regime,market_stress,time_score,entry_timing
T20250603_080132_0001,CME,long,290.26998,4000.0,2025-06-03T12:01:32.218239+00:00,,,,,RECOMMENDATION,PENDING,MARKET_CLOSED,"CME Group Sets New May ADV Record of 28.9 Million Contracts, Up 11% Year Over Year",0.9514443278312683,0.564287961877755,0.9328697919845581,0.0,general,0.4536751715006584,0.6950859603029831,0.1733257859183964,0.37822363929353836,71.66572323979955,strong_uptrend,0.007025436926804048,neutral,0.25,0.1,recommendation_logged
T20250603_080132_0002,MSFT,long,462.13167,4000.0,2025-06-03T12:01:32.220849+00:00,,,,,RECOMMENDATION,PENDING,MARKET_CLOSED,Microsoft to pay dividends on June 12; Here's how much 100 MSFT shares will earn,0.9517630338668823,0.4710493235605889,0.9335052967071533,0.0,general,0.3969132498667303,0.5925480462291325,0.17698549566739655,0.001370115572831201,72.12318695842457,uptrend,0.001,neutral,0.25,0.1,recommendation_logged
T20250603_080132_0003,RCI,long,26.856829999999995,4000.0,2025-06-03T12:01:32.223617+00:00,,,,,RECOMMENDATION,PENDING,MARKET_CLOSED,"Proven Hits Return to Citytv & Citytv+; The Price is Right Tonight with Host Howie Mandel, Coming Spring 2026",0.7596270442008972,0.45716245263300137,0.22121849656105042,0.0,general,0.4973087896433768,0.627103690405312,0.10106194799801899,0.6488913014849779,62.63274349975237,strong_uptrend,0.02905660377358489,neutral,0.25,0.1,recommendation_logged
T20250603_080132_0004,AMD,short,114.83505000000001,4000.0,2025-06-03T12:01:32.226400+00:00,,,,,RECOMMENDATION,PENDING,MARKET_CLOSED,3 Artificial Intelligence (AI) Stocks to Buy If You're Bullish on a 2025 Rebound,0.9662641882896423,0.4561012767422635,-0.952857255935669,0.0,general,0.28834009921185594,0.5926209124227457,0.09798948860383484,0.0015522810568642813,62.248686075479355,strong_uptrend,0.001,neutral,0.25,0.1,recommendation_logged
T20250603_080132_0005,AMZN,short,206.01378,4000.0,2025-06-03T12:01:32.229301+00:00,,,,,RECOMMENDATION,PENDING,MARKET_CLOSED,"2 ""Magnificent Seven"" Stocks Down 9% and 15% You'll Regret Not Buying on the Dip",0.94107586145401,0.4527024563489672,-0.9060748815536499,0.0,general,0.31348095858708946,0.5920912696003682,0.0961928725593192,0.0015646108159722816,62.0241090699149,uptrend,0.0010668218407525888,neutral,0.25,0.1,recommendation_logged
T20250603_080132_0006,CRDO,long,72.35228,4000.0,2025-06-03T12:01:32.231681+00:00,,,,,RECOMMENDATION,PENDING,MARKET_CLOSED,Credo Technology Q4 Earnings - Winning More Hyperscaler Love,0.9459599256515503,0.4506855876776578,0.9351245164871216,0.0,earnings,0.2740593871167511,0.596778221855776,0.1556572953524151,0.041862359963897235,69.45716191905188,strong_uptrend,0.002495840266222859,neutral,0.25,0.1,recommendation_logged
T20250603_090507_0001,SNY,long,49.0053564,5527.1679016014095,2025-06-03T13:05:07.522507+00:00,,,,,RECOMMENDATION,PENDING,MARKET_CLOSED,Press Release: ASCO: new Sarclisa data support subcutaneous administration with on-body injector,0.942155122756958,0.7918012041483924,0.9179825186729431,0.0,biotech,0.3831305168186973,0.7033753550174477,-0.09205301106247157,0.2784383875436193,38.493373617191054,downtrend,0.001,neutral,0.25,0.1,recommendation_logged
T20250603_090507_0002,DLTR,short,94.3055001,5208.914092036555,2025-06-03T13:05:07.525273+00:00,,,,,RECOMMENDATION,PENDING,MARKET_CLOSED,Can Dollar Tree Deliver In Its Next Earnings?,0.974871814250946,0.785352359990187,-0.9644643664360046,0.0,earnings,0.31801211429936216,0.576631077937581,0.14009371129580858,0.00952545999949056,67.51171391197607,strong_uptrend,0.0033973882577769125,neutral,0.25,0.1,recommendation_logged
T20250603_090507_0003,JNJ,long,155.03488,5750.091551535288,2025-06-03T13:05:07.528414+00:00,,,,,RECOMMENDATION,PENDING,MARKET_CLOSED,Johnson & Johnson leads with first PARP inhibitor combo to improve efficacy in patients with HRR-altered mCSPC,0.9482772946357727,0.7776959885942294,0.924471378326416,0.0,biotech,0.32795023579973437,0.4793014230271666,0.05013232330214425,0.0,56.26654041276803,uptrend,0.002587322121604177,neutral,0.25,0.1,recommendation_logged
T20250603_090507_0004,APH,long,90.62052999999999,5375.694877286333,2025-06-03T13:05:07.530479+00:00,,,,,RECOMMENDATION,PENDING,MARKET_CLOSED,Buy 5 High-Flying Growth Stocks to Maximize Your Returns in June,0.947400689125061,0.7767748414432447,0.9243234395980835,0.0,earnings,0.32604855264406746,0.4316694398225184,0.2653602812573877,0.0,83.17003515717346,strong_uptrend,0.008541320022185201,neutral,0.25,0.1,recommendation_logged
T20250603_090507_0005,PAYX,short,157.3425,5558.496706955778,2025-06-03T13:05:07.532107+00:00,,,,,RECOMMENDATION,PENDING,MARKET_CLOSED,U.S. SMALL BUSINESS JOB GROWTH REMAINS LARGELY UNCHANGED IN MAY,0.948375940322876,0.7745655589964335,-0.916225016117096,0.0,earnings,0.3173839428909438,0.35342333654773417,0.10669927358211675,0.0,63.33740919776459,uptrend,0.018322082931533232,neutral,0.25,0.1,recommendation_logged
T20250603_090507_0006,BAC,long,44.023979999999995,4917.188852883948,2025-06-03T13:05:07.533814+00:00,,,,,RECOMMENDATION,PENDING,MARKET_CLOSED,"Winnow Team Named ""Tech Team of the Year"" at Banking Tech Awards USA 2025",0.9212066531181335,0.7718367149457077,0.9090395569801331,0.0,market_event,0.3445135123281811,0.49089874857793003,0.14190074130652067,0.0,67.73759266331508,uptrend,0.0011376564277587522,neutral,0.25,0.1,recommendation_logged
T20250603_090507_0007,META,long,671.1705,4993.684530353525,2025-06-03T13:05:07.535695+00:00,,,,,RECOMMENDATION,PENDING,MARKET_CLOSED,Why Meta Platforms Stock Jumped 18% in May,0.9525513052940369,0.7715978762840294,0.9304848909378052,0.0,earnings,0.30192451388804914,0.5946757906210244,0.1737818614170699,0.006689476552560892,71.72273267713373,strong_uptrend,0.001,neutral,0.25,0.1,recommendation_logged
T20250603_090507_0008,RTX,long,137.81768,4743.296268165457,2025-06-03T13:05:07.537788+00:00,,,,,RECOMMENDATION,PENDING,MARKET_CLOSED,RTX's Raytheon awarded $536 million US Navy contract for SPY-6 family of radars,0.9252281785011292,0.7669919127893912,0.9139850735664368,0.0,general,0.3230021379631316,0.47381818181818247,0.12636426451529567,0.0,65.79553306441196,strong_uptrend,0.0032727272727271902,neutral,0.25,0.1,recommendation_logged
T20250603_090507_0009,TWLO,long,119.22910999999999,4324.435329439094,2025-06-03T13:05:07.539344+00:00,,,,,RECOMMENDATION,PENDING,MARKET_CLOSED,Twilio: Improving Customer Monetization (Rating Upgrade),0.9544966220855713,0.7666352225290665,0.9410885572433472,0.0,analyst,0.2827885789827929,0.44693980354294316,0.17828161487505237,0.0,72.28520185938154,strong_uptrend,0.0066325245571321155,neutral,0.25,0.1,recommendation_logged
T20250603_090507_0010,CME,long,291.29099999999994,4864.1963414746,2025-06-03T13:05:07.540866+00:00,,,,,RECOMMENDATION,PENDING,MARKET_CLOSED,"CME Group Sets New May ADV Record of 28.9 Million Contracts, Up 11% Year Over Year",0.9514443278312683,0.766221257492725,0.9328697919845581,0.0,market_event,0.28547842120072564,0.38652067652047084,0.1733257859183964,8.781346764349571e-05,71.66572323979955,strong_uptrend,0.014189306108323318,neutral,0.25,0.1,recommendation_logged
T20250603_090507_0011,ACN,long,313.313,5453.629123730944,2025-06-03T13:05:07.542648+00:00,,,,,RECOMMENDATION,PENDING,MARKET_CLOSED,Accenture to Strengthen Its Engineering Capabilities for the Aerospace and Defense Industry with Acquisition of SIPAL's Integrated Product Support Bus,0.934745192527771,0.7651797399256215,0.9233774542808533,0.0,ma,0.30427220971504343,0.4616,0.043315723907374266,0.0,55.41446548842178,sideways,0.0048,neutral,0.25,0.1,recommendation_logged
T20250603_090507_0012,CRWD,short,479.23028999999997,4871.581813038216,2025-06-03T13:05:07.545028+00:00,,,,,RECOMMENDATION,PENDING,MARKET_CLOSED,"The Day Ahead: Markets Eye Today's JOLTS, Factory Orders, and CrowdStrike Earnings",0.9396553635597229,0.7634641010194819,-0.9189375638961792,0.0,earnings,0.2920065186519759,0.5951463005907017,0.15982691291868595,0.00786575147675425,69.97836411483574,strong_uptrend,0.001,neutral,0.25,0.1,recommendation_logged
T20250603_090507_0013,CRDO,long,73.16309,4609.110943769463,2025-06-03T13:05:07.547144+00:00,,,,,RECOMMENDATION,PENDING,MARKET_CLOSED,Credo Technology Q4 Earnings - Winning More Hyperscaler Love,0.9459599256515503,0.7620884496973319,0.9351245164871216,0.0,earnings,0.27901493145570566,0.5935130081423268,0.1556572953524151,0.07153790222884389,69.45716191905188,strong_uptrend,0.004387769093651353,neutral,0.25,0.1,recommendation_logged
T20250603_090507_0014,EPD,long,31.091059999999995,4988.392040309506,2025-06-03T13:05:07.548788+00:00,,,,,RECOMMENDATION,PENDING,MARKET_CLOSED,This Top High-Yield Dividend Stock's Exports to China Could Take a Hit. Should Income Investors Be Worried?,0.9127702713012695,0.7604505346475241,0.9014304876327515,0.0,corporate_action,0.31780808709005426,0.4793681495809151,-0.019694370773880567,0.0,47.53820365326493,sideways,0.002578981302385617,neutral,0.25,0.1,recommendation_logged
T20250603_090507_0015,ORCL,long,166.08591999999996,4534.3456604874045,2025-06-03T13:05:07.550312+00:00,,,,,RECOMMENDATION,PENDING,MARKET_CLOSED,Oracle AI Transforms Meter Data Management,0.9302843809127808,0.760032335678398,0.9198204278945923,0.0,general,0.2930619443776187,0.4826128954358845,0.16220818345680493,0.0,70.27602293210062,strong_uptrend,0.002173388070514451,neutral,0.25,0.1,recommendation_logged
T20250603_090507_0016,NIO,short,3.4265700000000003,4893.606785532442,2025-06-03T13:05:07.552252+00:00,,,,,RECOMMENDATION,PENDING,MARKET_CLOSED,NIO's Net Loss Widens Amid Highly Competitive Chinese EV Market,0.9669697880744934,0.7599271876898734,-0.9443234801292419,0.0,earnings,0.24379757486692047,0.47660818713450237,-0.10217318244758594,0.0,37.22835219405176,strong_downtrend,0.002923976608187202,neutral,0.25,0.1,recommendation_logged
T20250603_090507_0017,RCI,long,26.856829999999995,4762.778761304907,2025-06-03T13:05:07.554360+00:00,,,,,RECOMMENDATION,PENDING,MARKET_CLOSED,"Proven Hits Return to Citytv & Citytv+; The Price is Right Tonight with Host Howie Mandel, Coming Spring 2026",0.7596270442008972,0.753043454573372,0.22121849656105042,0.0,general,0.4973087896433768,0.627103690405312,0.10106194799801899,0.6488913014849779,62.63274349975237,strong_uptrend,0.02905660377358489,neutral,0.25,0.1,recommendation_logged
T20250603_090507_0018,UNH,short,304.34535,4045.491807923335,2025-06-03T13:05:07.556216+00:00,,,,,RECOMMENDATION,PENDING,MARKET_CLOSED,UnitedHealth Group (UNH) Faces New Allegations of Secret Payments to Nursing Homes Amidst Pending Securities Fraud Suit – Hagens Berman,0.9727665781974792,0.7525096368905013,-0.961080014705658,0.0,general,0.2113433520383653,0.4863315262033848,-0.143654991018617,0.0,32.043126122672874,sideways,0.0017085592245769073,neutral,0.25,0.1,recommendation_logged
T20250603_090507_0019,MRVL,long,62.061599599999994,4546.677276947871,2025-06-03T13:05:07.558192+00:00,,,,,RECOMMENDATION,PENDING,MARKET_CLOSED,"Marvell: Data Center Remains Strong, While Cyclical Segments Continue To Recover",0.9578341245651245,0.7517654227757724,0.9380601048469543,0.0,earnings,0.22877257649907523,0.5882500394767647,0.022105421137444126,0.0029352763978895986,52.763177642180516,sideways,0.0016155088852988922,neutral,0.25,0.1,recommendation_logged
T20250603_090507_0020,XOM,short,102.897,5591.5077157501,2025-06-03T13:05:07.560385+00:00,,,,,RECOMMENDATION,PENDING,MARKET_CLOSED,ExxonMobil in the Crosshairs: The Trump Administration Is Cutting Funding for Projects Aimed at Capturing a Potential $4 Trillion Market Opportunity.,0.9697108864784241,0.750457690068302,-0.9620073437690735,0.0,biotech,0.2085777849231078,0.1,-0.04999558703347878,0.0,43.75055162081515,sideways,0.05,neutral,0.25,0.1,recommendation_logged
T20250603_090507_0021,KKR,short,120.52935000000001,5014.544742448374,2025-06-03T13:05:07.562715+00:00,,,,,RECOMMENDATION,PENDING,MARKET_CLOSED,KKR Pulls Out of Thames Water Rescue Deal,0.9387860298156738,0.7499259205221194,-0.9191708564758301,0.0,ma,0.24803836198616588,0.4694681821953045,0.07533398074702047,0.0,59.41674759337756,uptrend,0.003816477225586939,neutral,0.25,0.1,recommendation_logged
T20250603_090507_0022,DCI,long,71.57149999999999,5105.820134257579,2025-06-03T13:05:07.564471+00:00,,,,,RECOMMENDATION,PENDING,MARKET_CLOSED,Donaldson (DCI) Surpasses Q3 Earnings and Revenue Estimates,0.918758749961853,0.7483912839996194,0.8550441861152649,0.0,earnings,0.26962594671626045,0.3539484857061981,0.055381713621171294,0.0,56.92271420264641,uptrend,0.01825643928672525,neutral,0.25,0.1,recommendation_logged
T20250603_090507_0023,SHOP,long,103.95374989999999,4489.187443341116,2025-06-03T13:05:07.566190+00:00,,,,,RECOMMENDATION,PENDING,MARKET_CLOSED,Why Shopify Stock Jumped 13% in May,0.9551975727081299,0.7422598285947613,0.9385042786598206,0.0,earnings,0.20060266503836424,0.44735622580708,0.08350528334909307,0.0027852862618202943,60.438160418636635,uptrend,0.019219736087206014,neutral,0.25,0.1,recommendation_logged
T20250603_090507_0024,PSTG,long,53.30324999999999,3982.896084311434,2025-06-03T13:05:07.567960+00:00,,,,,RECOMMENDATION,PENDING,MARKET_CLOSED,Pure Storage: Reiterate Buy Rating As Demand Remains Strong,0.9428215026855469,0.7421952910843703,0.9310852289199829,0.0,analyst,0.21688896670050525,0.42488262910798125,0.09276574934231502,0.0,61.59571866778938,sideways,0.009389671361502348,neutral,0.25,0.1,recommendation_logged
T20250603_090507_0025,ASTS,long,24.384259899999996,4482.716249367647,2025-06-03T13:05:07.570182+00:00,,,,,RECOMMENDATION,PENDING,MARKET_CLOSED,AST SpaceMobile: Differentiation Taking Shape,0.9473932385444641,0.741189856046238,0.9176178574562073,0.0,earnings,0.20744186876150766,0.5436304775103973,0.004381557730836107,0.0075298020234155156,50.54769471635451,sideways,0.007422680412371123,neutral,0.25,0.1,recommendation_logged
T20250603_090507_0026,ESTC,long,81.67159,4476.81799535272,2025-06-03T13:05:07.572352+00:00,,,,,RECOMMENDATION,PENDING,MARKET_CLOSED,Elastic: Keys Growth Drivers Are Playing Out As Expected,0.9593359231948853,0.7402146156337168,0.9446936845779419,0.0,earnings,0.18826748785254216,0.4358024691358019,-0.08247668493879019,0.0,39.69041438265123,strong_downtrend,0.008024691358024761,neutral,0.25,0.1,recommendation_logged
T20250603_090507_0027,HIMS,long,60.56049999999999,4460.289469293463,2025-06-03T13:05:07.575123+00:00,,,,,RECOMMENDATION,PENDING,MARKET_CLOSED,Hims & Hers: Still Huge Potential Ahead,0.9531646966934204,0.7374817244202156,0.9323981404304504,0.0,earnings,0.18738615247615845,0.492,0.08968202724883777,0.0,61.21025340610472,uptrend,0.001,neutral,0.25,0.1,recommendation_logged
T20250603_090507_0028,ARE,long,69.66959999999999,4816.088723833205,2025-06-03T13:05:07.579169+00:00,,,,,RECOMMENDATION,PENDING,MARKET_CLOSED,Public REITs Are Positioned For Trophy Office Upside,0.9315369129180908,0.7362982508171179,0.88939368724823,0.0,earnings,0.21227828549960487,0.3122011302709764,-0.06956621634454331,0.0,41.30422295693209,downtrend,0.023474858716127957,neutral,0.25,0.1,recommendation_logged
T20250603_090507_0029,RGA,long,203.90369999999996,4490.217759868206,2025-06-03T13:05:07.581367+00:00,,,,,RECOMMENDATION,PENDING,MARKET_CLOSED,RGA Announces 150 Billion JPY Coinsurance Transaction with The Dai-ichi Life Insurance Company,0.9153686165809631,0.7284720820833621,0.9016040563583374,0.0,general,0.20774878483658943,0.1,0.06436706740314264,0.0,58.04588342539283,uptrend,0.10429447852760743,neutral,0.25,0.1,recommendation_logged
T20250603_090507_0030,ULTA,long,474.9744999999999,4426.690975782872,2025-06-03T13:05:07.583696+00:00,,,,,RECOMMENDATION,PENDING,MARKET_CLOSED,Ulta's Beautiful Q1 Earnings Report Points to More Gains Ahead,0.893114447593689,0.727561920775869,0.8176828622817993,0.0,earnings,0.2343871391279781,0.4678395502941617,0.22752889197164225,0.0005978632480609671,78.44111149645528,strong_uptrend,0.004049949375632838,neutral,0.25,0.1,recommendation_logged
T20250603_090507_0031,LOW,long,226.22599999999997,5136.081187086827,2025-06-03T13:05:07.585495+00:00,,,,,RECOMMENDATION,PENDING,MARKET_CLOSED,Lowe's Completes Acquisition of Artisan Design Group,0.8512812256813049,0.7254565947041253,0.8402932286262512,0.0,ma,0.283147014772011,0.42871463577634217,-0.005910640106974483,0.0,49.26116998662819,sideways,0.008910670527957229,neutral,0.25,0.1,recommendation_logged
T20250603_090507_0032,NWS,short,32.28768,4598.676333044963,2025-06-03T13:05:07.587234+00:00,,,,,RECOMMENDATION,PENDING,MARKET_CLOSED,International Shoppers Were a Larger Share of U.S. Housing Demand During the First Quarter of 2025,0.8673795461654663,0.7234514338666241,-0.825188398361206,0.0,general,0.2549987180014586,0.1000032350524402,0.07610740077908748,8.087631100500139e-06,59.513425097385934,sideways,0.08987341772151887,neutral,0.25,0.1,recommendation_logged
T20250603_090507_0033,CG,long,45.5455,4576.706608494712,2025-06-03T13:05:07.589571+00:00,,,,,RECOMMENDATION,PENDING,MARKET_CLOSED,Carlyle's AlpInvest raises $4.1 billion for ninth co-investment fund,0.9282337427139282,0.7143331898253542,0.9126172661781311,0.0,ma,0.14346564246594332,0.2071381010339845,0.06453898886006164,0.00026493355553087794,58.067373607507704,uptrend,0.03662098404852848,neutral,0.25,0.1,recommendation_logged
T20250603_090507_0034,FIS,long,79.22914999999999,4306.967317015932,2025-06-03T13:05:07.591138+00:00,,,,,RECOMMENDATION,PENDING,MARKET_CLOSED,FIS ANNOUNCES ATLAS SP PARTNERS AS NEW CLIENT FOR COMMERCIAL LOAN SERVICING SOLUTION,0.851621687412262,0.7111482158925726,0.8447690010070801,0.0,general,0.23499846975889271,0.21306928138304726,0.041997847411060496,0.0,55.24973092638256,sideways,0.03586633982711909,neutral,0.25,0.1,recommendation_logged
T20250603_090507_0035,TSLA,long,346.070725,3821.3187967316426,2025-06-03T13:05:07.593388+00:00,,,,,RECOMMENDATION,PENDING,MARKET_CLOSED,Tesla Rises 1.6% After Power Inflow Signal,0.8371057510375977,0.710810788082523,0.7211644649505615,0.0,general,0.25322829222494647,0.5962737622396528,0.08401936022200897,0.010684405599131913,60.50242002775112,uptrend,0.001,neutral,0.25,0.1,recommendation_logged
T20250603_090507_0036,IR,long,80.03995999999998,4159.885574026472,2025-06-03T13:05:07.595537+00:00,,,,,RECOMMENDATION,PENDING,MARKET_CLOSED,"Ingersoll Rand Acquires Lead Fluid, Boosts Regional Growth Strategy in Life Sciences",0.8890818357467651,0.70321449601188,0.88088458776474,0.0,general,0.15860587237724635,0.1,0.04855385484582519,0.0,56.06923185572815,sideways,0.1648036686729722,neutral,0.25,0.1,recommendation_logged
T20250603_090507_0037,K,long,82.082,4616.762800372112,2025-06-03T13:05:07.597731+00:00,,,,,RECOMMENDATION,PENDING,MARKET_CLOSED,RXBAR Launches High Protein Innovation Along with a New Lemon Honey Cashew Butter Flavor to Fuel Snacking All Summer Long,0.7150579690933228,0.6994889966203901,0.7042433023452759,0.0,general,0.37821936327687017,0.44728492983526624,-0.03410634199256248,0.0,45.73670725092969,sideways,0.006589383770591727,neutral,0.25,0.1,recommendation_logged
T20250603_090507_0038,PH,short,656.3829599999999,4254.240816370159,2025-06-03T13:05:07.599606+00:00,,,,,RECOMMENDATION,PENDING,MARKET_CLOSED,"Davidson Instruments, Inc. sues Parker-Hannifin Corporation, alleging antitrust violations, theft of trade secrets, and copyright infringement and oth",0.7749418616294861,0.6967420769091035,-0.7545245885848999,0.0,general,0.28921777419103023,0.3899289225758328,0.09459470891501161,0.0,61.82433861437645,sideways,0.01375888467802091,neutral,0.25,0.1,recommendation_logged
T20250603_090507_0039,SNOW,long,210.20999999999998,3744.594982128023,2025-06-03T13:05:07.601487+00:00,,,,,RECOMMENDATION,PENDING,MARKET_CLOSED,Monte Carlo Announces Integration with Snowflake to Bring Data + AI Observability Solution to Snowflake Cortex Agents,0.8137706518173218,0.6965392451875043,0.8066508173942566,0.0,general,0.23676994820191838,0.4847619047619046,0.23441080258230557,0.0,79.3013503227882,strong_uptrend,0.0019047619047619319,neutral,0.25,0.1,recommendation_logged
T20250603_090507_0040,VRT,long,112.06195,3791.8838183467647,2025-06-03T13:05:07.603928+00:00,,,,,RECOMMENDATION,PENDING,MARKET_CLOSED,Vertiv Names Mike Giresi as Global CIO,0.7631932497024536,0.6826334568674816,0.7555423974990845,0.0,general,0.25785385662166704,0.492,0.1739486611982843,0.0,71.74358264978554,strong_uptrend,0.001,neutral,0.25,0.1,recommendation_logged
T20250603_090507_0041,RKLB,long,27.48746,3648.6679481924834,2025-06-03T13:05:07.606778+00:00,,,,,RECOMMENDATION,PENDING,MARKET_CLOSED,Rocket Lab Successfully Launches 10th Electron Mission for Multi-Launch Customer BlackSky,0.800949215888977,0.6786956748869948,0.7927044630050659,0.0,general,0.19438662843801335,0.4883424408014575,0.09199727542832802,0.0,61.499659428541,uptrend,0.0014571948998178196,neutral,0.25,0.1,recommendation_logged
T20250603_090507_0042,NNN,short,41.758199999999995,4417.35838104843,2025-06-03T13:05:07.608843+00:00,,,,,RECOMMENDATION,PENDING,MARKET_CLOSED,"NNN REIT: Tenant Headwinds Linger, But Price And Dividend Profile Remain Attractive",0.6878772974014282,0.6770270617490202,-0.4703255891799927,0.0,corporate_action,0.3395871426281628,0.47311569851176183,0.03520102467110627,0.0,54.40012808388828,uptrend,0.003360537686029779,neutral,0.25,0.1,recommendation_logged
T20250603_090507_0043,GM,long,47.78774,4427.7924408275085,2025-06-03T13:05:07.611775+00:00,,,,,RECOMMENDATION,PENDING,MARKET_CLOSED,Eupraxia Pharmaceuticals Announces Voting Results from Annual General and Special Meeting of Shareholders,0.7399604916572571,0.6660141469014734,0.2429998219013214,0.0,earnings,0.23343316746190207,0.4135776318576576,-0.010487679870430726,0.0,48.68904001619616,sideways,0.010802796017792798,neutral,0.25,0.1,recommendation_logged
T20250603_090507_0044,HOOD,long,69.72966,4168.724513299131,2025-06-03T13:05:07.613763+00:00,,,,,RECOMMENDATION,PENDING,MARKET_CLOSED,Robinhood's $200 million Bitstamp deal takes it beyond retail trading,0.7178539633750916,0.664656331839785,0.7102757096290588,0.0,ma,0.2583824882991612,0.596014953398128,0.19105792210572578,0.010037383495319945,73.88224026321572,strong_uptrend,0.001,neutral,0.25,0.1,recommendation_logged
T20250603_090507_0045,AVGO,long,250.485235,4357.9505636074155,2025-06-03T13:05:07.615323+00:00,,,,,RECOMMENDATION,PENDING,MARKET_CLOSED,Buy Or Sell AVGO Stock Ahead Of Its Upcoming Earnings?,0.6589518785476685,0.6628157625888444,0.6275162696838379,0.0,earnings,0.33078337056592355,0.595284276597834,0.25349916040391546,0.00821069149458494,81.68739505048943,strong_uptrend,0.001,neutral,0.25,0.1,recommendation_logged
T20250603_090507_0046,MCD,long,312.35204,4950.8109665495585,2025-06-03T13:05:07.617093+00:00,,,,,RECOMMENDATION,PENDING,MARKET_CLOSED,FDA GRANTS BREAKTHROUGH DEVICE DESIGNATION TO GUARDANT HEALTH'S SHIELD MULTI-CANCER DETECTION (MCD) TEST,0.6261135339736938,0.6528480773604678,0.616756796836853,0.0,biotech,0.34134221256996755,0.4782051282051276,0.003690929505999918,0.0,50.46136618824999,sideways,0.002724358974359047,neutral,0.25,0.1,recommendation_logged
T20250603_090507_0047,BURL,short,231.96779999999998,3931.6829876602355,2025-06-03T13:05:07.618938+00:00,,,,,RECOMMENDATION,PENDING,MARKET_CLOSED,Burlington Stores: Near-Term Uncertainty Puts Risk To FY2025 Guidance,0.7671732306480408,0.6500798590708061,-0.5968918204307556,0.0,earnings,0.14403522270529956,0.3000000000000005,-0.05460231139382904,0.0,43.17471107577137,downtrend,0.02499999999999995,neutral,0.25,0.1,recommendation_logged
T20250603_090507_0048,NBIX,long,123.13300999999998,4364.768996645365,2025-06-03T13:05:07.620745+00:00,,,,,RECOMMENDATION,PENDING,MARKET_CLOSED,Nxera Pharma to Receive US$15 Million from Neurocrine Biosciences Following Dosing of First Patient in Phase 3 Trial of NBI-1117568,0.7462238073348999,0.6473600951759712,0.2301788032054901,0.0,biotech,0.1629019074733707,0.16666666666666669,0.13689295045007907,0.0,67.11161880625988,strong_uptrend,0.041666666666666664,neutral,0.25,0.1,recommendation_logged
T20250603_090507_0049,OKTA,long,104.81470999999998,3473.097286581004,2025-06-03T13:05:07.622208+00:00,,,,,RECOMMENDATION,PENDING,MARKET_CLOSED,2 No-Brainer Artificial Intelligence (AI) Stocks to Buy With $450 in June 2025,0.7135095000267029,0.6460374417003356,0.6463985443115234,0.0,general,0.20211213896551478,0.4837454802851493,-0.08579254877614653,0.0014488274464932885,39.27593140298168,strong_downtrend,0.002104256336681003,neutral,0.25,0.1,recommendation_logged
T20250603_090507_0050,INVH,long,33.7337,4608.857856146161,2025-06-03T13:05:07.624410+00:00,,,,,RECOMMENDATION,PENDING,MARKET_CLOSED,Invitation Homes Announces Acquisitions Update and Launch of Developer Lending Program,0.6754932999610901,0.6305469617946429,0.6669521927833557,0.0,ma,0.20116547270068946,0.1,-0.0007358827152054346,0.0,49.90801466059932,sideways,0.05054263565891481,neutral,0.25,0.1,recommendation_logged
T20250603_090507_0051,PHG,long,22.462439999999997,3612.85608299172,2025-06-03T13:05:07.626561+00:00,,,,,RECOMMENDATION,PENDING,MARKET_CLOSED,"Philips launches intelligent 3D imaging in Europe to empower faster stroke care, helping physicians save time, brain, and lives",0.5891616344451904,0.6159707464521176,0.5780197381973267,0.0,general,0.2676869755801379,0.4892952720785022,-0.053952345231331036,0.0,43.25595684608362,downtrend,0.0013380909901872249,neutral,0.25,0.1,recommendation_logged
T20250603_090507_0052,IQV,long,139.13899999999998,3363.2490012004328,2025-06-03T13:05:07.628704+00:00,,,,,RECOMMENDATION,PENDING,MARKET_CLOSED,IQVIA Announces Pricing of Senior Notes,0.6452942490577698,0.6133109471313898,0.32781466841697693,0.0,general,0.183977491694273,0.3289855072463775,-0.06062998164370214,0.0,42.42125229453723,downtrend,0.021376811594202814,neutral,0.25,0.1,recommendation_logged
T20250603_090507_0053,SYY,long,73.35328,3807.047363208205,2025-06-03T13:05:07.630614+00:00,,,,,RECOMMENDATION,PENDING,MARKET_CLOSED,Sysco Corporation (SYY) dbAccess Global Consumer Conference (Transcript),0.5478529334068298,0.6100215861021847,0.4190607964992523,0.0,general,0.3029347091315093,0.4095796002756712,0.04856703654574057,0.0,56.07087956821757,uptrend,0.01130254996554111,neutral,0.25,0.1,recommendation_logged
T20250603_090507_0054,UBS,short,32.93703,4450.8891752287245,2025-06-03T13:05:07.632157+00:00,,,,,RECOMMENDATION,PENDING,MARKET_CLOSED,US recession risk: Is the UK about to catch a cold?,0.6178569793701172,0.6097068940378504,-0.22478674352169037,0.0,biotech,0.20854700763267842,0.14190476190476278,0.06350558915892884,0.0,57.938198644866105,sideways,0.044761904761904656,neutral,0.25,0.1,recommendation_logged
T20250603_090507_0055,ALLE,long,140.53038999999998,3767.4785388359173,2025-06-03T13:05:07.633907+00:00,,,,,RECOMMENDATION,PENDING,MARKET_CLOSED,"Allegion Acquires Novas, Adding Another Premium Brand to High-Quality Australian Door Hardware Portfolio",0.5852835178375244,0.6042758684314572,0.5774803757667542,0.0,general,0.23387487098815807,0.24176470588235377,0.0007293232974512876,0.0,50.09116541218141,sideways,0.03227941176470578,neutral,0.25,0.1,recommendation_logged
T20250603_090507_0056,NET,long,169.86969999999997,4021.238572110869,2025-06-03T13:05:07.635871+00:00,,,,,RECOMMENDATION,PENDING,MARKET_CLOSED,"Cloudflare Strengthening, Yet Breakout Unlikely Until 2026",0.5229371786117554,0.5944477180356309,0.4665334224700928,0.0,biotech,0.2842428219697624,0.492,0.2946206543811962,0.0,86.82758179764953,strong_uptrend,0.001,neutral,0.25,0.1,recommendation_logged
T20250603_090507_0057,AAPL,long,202.0018,3322.0732129146736,2025-06-03T13:05:07.637723+00:00,,,,,RECOMMENDATION,PENDING,MARKET_CLOSED,Analyst sets date when Apple stock will hit $240,0.501162588596344,0.5902646938146983,0.4593501091003418,0.0,analyst,0.29933219458720217,0.5958364645593971,0.0032546276826088275,0.009591161398492738,50.4068284603261,sideways,0.001,neutral,0.25,0.1,recommendation_logged
T20250603_090507_0058,VEON,long,54.104049999999994,3101.112837880139,2025-06-03T13:05:07.639321+00:00,,,,,RECOMMENDATION,PENDING,MARKET_CLOSED,Empowering Kazakh Students: VEON's Beeline Kazakhstan introduces AI-based Tutor powered by KazLLM,0.5183922052383423,0.5768439058556807,0.5099341869354248,0.0,general,0.23162341253447938,0.34611830477131206,0.09661340931882575,0.3062481428806605,62.07667616485322,uptrend,0.047047619047619026,neutral,0.25,0.1,recommendation_logged
T20250603_090520_0059,LNG,long,242.79254999999998,5277.618739240811,2025-06-03T13:05:20.179379+00:00,,,,,RECOMMENDATION,PENDING,MARKET_CLOSED,Equinor Advances LNG Decarbonization With Axess-Aibel Deal,0.9205922484397888,0.728910240302659,0.8753476142883301,0.0,ma,0.20224446975581173,0.1,0.1541761692742914,0.0,69.27202115928642,strong_uptrend,0.10520722635494155,neutral,0.25,0.1,recommendation_logged
T20250603_090520_0060,GS,long,597.70711,4529.21400084455,2025-06-03T13:05:20.183764+00:00,,,,,RECOMMENDATION,PENDING,MARKET_CLOSED,"Mews' AI-Powered Smart Tips Top 5 Million Weekly Views, Revolutionizing Guest Personalization",0.8343521356582642,0.7234254033202605,0.8260353207588196,0.0,social_sentiment,0.2989484968565161,0.4752135320716795,0.08909970123869568,0.0,61.13746265483696,uptrend,0.0030983084910400647,neutral,0.25,0.1,recommendation_logged
T20250603_090642_0061,RKT,short,12.4875999,3180.3656381859396,2025-06-03T13:06:42.714152+00:00,,,,,RECOMMENDATION,PENDING,MARKET_CLOSED,"INVESTOR ALERT: POMERANTZ LAW FIRM REMINDS INVESTORS WITH LOSSES ON THEIR INVESTMENT IN ROCKET COMPANIES, INC. OF CLASS ACTION LAWSUIT AND UPCOMING DE",0.622469961643219,0.5915858701982775,-0.3126220405101776,0.0,general,0.14199295180329938,0.2824000000000001,-0.04192690343062447,0.0,44.75913707117194,uptrend,0.027199999999999988,neutral,0.25,0.1,recommendation_logged
T20250603_090642_0062,ELV,short,375.624,3103.0637654230873,2025-06-03T13:06:42.717401+00:00,,,,,RECOMMENDATION,PENDING,MARKET_CLOSED,"INVESTOR ALERT: POMERANTZ LAW FIRM REMINDS INVESTORS WITH LOSSES ON THEIR INVESTMENT IN ELEVANCE HEALTH, INC. OF CLASS ACTION LAWSUIT AND UPCOMING DEA",0.5463295578956604,0.5765431028368008,-0.5066248178482056,0.0,general,0.19337093226178875,0.39312000000000025,-0.0819815033888877,0.0,39.75231207638904,downtrend,0.013359999999999976,neutral,0.25,0.1,recommendation_logged
T20250603_090642_0063,WST,short,210.17961,3331.9348850797282,2025-06-03T13:06:42.719955+00:00,,,,,RECOMMENDATION,PENDING,MARKET_CLOSED,"INVESTOR ALERT: POMERANTZ LAW FIRM REMINDS INVESTORS WITH LOSSES ON THEIR INVESTMENT IN WEST PHARMACEUTICAL SERVICES, INC. OF CLASS ACTION LAWSUIT AND",0.5192191004753113,0.5720502847963111,-0.4642018973827362,0.0,general,0.21454214868728905,0.296603590490053,-0.008492290233940708,0.0,48.93846372075741,sideways,0.02542455118874337,neutral,0.25,0.1,recommendation_logged
T20250603_090642_0064,UNH,short,304.5951,3055.431401429194,2025-06-03T13:06:42.721841+00:00,,,,,RECOMMENDATION,PENDING,MARKET_CLOSED,INVESTOR ALERT: POMERANTZ LAW FIRM REMINDS INVESTORS WITH LOSSES ON THEIR INVESTMENT IN UNITEDHEALTH GROUP INCORPORATED OF CLASS ACTION LAWSUIT AND UP,0.5123590230941772,0.5683466148491805,-0.472900927066803,0.0,general,0.2113433520383653,0.4863315262033848,-0.143654991018617,0.0,32.043126122672874,sideways,0.0017085592245769073,neutral,0.25,0.1,recommendation_logged
T20250603_090642_0065,VTRS,short,8.68131,3123.4509592075733,2025-06-03T13:06:42.724604+00:00,,,,,RECOMMENDATION,PENDING,MARKET_CLOSED,INVESTOR ALERT: POMERANTZ LAW FIRM REMINDS INVESTORS WITH LOSSES ON THEIR INVESTMENT IN VIATRIS INC. OF CLASS ACTION LAWSUIT AND UPCOMING DEADLINES - ,0.4995161294937134,0.5645029768610342,-0.4287784695625305,0.0,general,0.21565508354516305,0.416763005780347,0.03400229801871598,0.0,54.2502872523395,sideways,0.01040462427745663,neutral,0.25,0.1,recommendation_logged
T20250603_091742_0001,MSFT,long,462.67220999999995,4970.795111023913,2025-06-03T13:17:42.668141+00:00,,,,,RECOMMENDATION,PENDING,MARKET_CLOSED,Fortude unlocks second Microsoft solutions partner designation in Azure Digital & App Innovation,0.9165440201759338,0.7863924570875237,0.9070948958396912,0.0,general,0.39924949672383375,0.5954683548005117,0.17698549566739655,0.008670887001279187,72.12318695842457,uptrend,0.001,neutral,0.25,0.1,recommendation_logged
T20250603_091742_0002,MDB,short,192.807,5024.633959600744,2025-06-03T13:17:42.670570+00:00,,,,,RECOMMENDATION,PENDING,MARKET_CLOSED,MDB Stock: How Will MongoDB React To Its Upcoming Earnings?,0.9726980328559875,0.768035051435116,-0.9618068337440491,0.0,earnings,0.26318612764240323,0.44181818181818155,0.11730191871665874,0.0,64.66273983958234,strong_uptrend,0.007272727272727302,neutral,0.25,0.1,recommendation_logged
T20250603_091742_0003,AMZN,long,207.2060991,5090.226188933594,2025-06-03T13:17:42.672470+00:00,,,,,RECOMMENDATION,PENDING,MARKET_CLOSED,"Amazon, A Small Pharmacy Player, Seeks To Dent CVS And Walgreens Medicare Share",0.8542982339859009,0.7360359947793418,0.8374877572059631,0.0,biotech,0.3143890039499378,0.5935604355076916,0.0961928725593192,0.0039010887692288924,62.0241090699149,uptrend,0.001,neutral,0.25,0.1,recommendation_logged
T20250603_091742_0004,F,long,9.9898799,4341.059517551905,2025-06-03T13:17:42.674189+00:00,,,,,RECOMMENDATION,PENDING,MARKET_CLOSED,Ford Honors Flex with 2025 Sustainability Supplier of the Year Award,0.8167098164558411,0.7122827341790801,0.8062984347343445,0.0,general,0.2853293586558119,0.4919759277833503,-0.0579768760884162,0.0,42.752890488947976,downtrend,0.0010030090270812223,neutral,0.25,0.1,recommendation_logged
T20250603_091742_0005,TGS,long,27.827799999999996,4470.463631656009,2025-06-03T13:17:42.676041+00:00,,,,,RECOMMENDATION,PENDING,MARKET_CLOSED,"Transportadora De Gas Del Sur: Expanding Earnings, Compressing Multiples",0.8453040972900392,0.7116713523709318,0.9401493668556213,0.0,earnings,0.24516571151638714,0.348964148167465,-0.018704200864114454,0.3724103704186626,47.66197489198569,downtrend,0.0646583394562822,neutral,0.25,0.1,recommendation_logged
T20250603_091742_0006,DECK,long,105.10499999999999,3979.162372538681,2025-06-03T13:17:42.677779+00:00,,,,,RECOMMENDATION,PENDING,MARKET_CLOSED,These 3 Stocks Are Buying Back Billions in Shares,0.8864910006523132,0.7105647093819074,0.8504288792610168,0.0,corporate_action,0.18656103040327374,0.4740631257747696,-0.0715879093414705,0.0,41.05151133231619,strong_downtrend,0.0032421092781538016,neutral,0.25,0.1,recommendation_logged
T20250603_091742_0007,PYPL,long,70.87079999999999,4223.173483845816,2025-06-03T13:17:42.679488+00:00,,,,,RECOMMENDATION,PENDING,MARKET_CLOSED,PayPal Enhances Popular Online Credit Offering with New Physical Card for In-Store Use,0.704602062702179,0.6895921177228678,0.28018128871917725,0.0,general,0.35917097547332055,0.5917279368874178,0.07309773893373836,0.0019410779035434265,59.137217366717294,sideways,0.0011310617842499404,neutral,0.25,0.1,recommendation_logged
T20250603_091742_0008,MU,long,98.45835999999998,3756.3999635956648,2025-06-03T13:17:42.681200+00:00,,,,,RECOMMENDATION,PENDING,MARKET_CLOSED,"Micron Ships World's First 1γ (1-Gamma)-Based LPDDR5X, Enabling Rich Mobile AI Experiences",0.7106338739395142,0.6700603325010963,0.27475398778915405,0.0,general,0.28602260975096855,0.5756317188229244,0.14079601905224445,0.01050786848588128,67.59950238153056,strong_uptrend,0.0035714285714285136,neutral,0.25,0.1,recommendation_logged
T20250603_091742_0009,DG,long,107.10699999999999,4266.990880938337,2025-06-03T13:17:42.683148+00:00,,,,,RECOMMENDATION,PENDING,MARKET_CLOSED,Dollar General (DG) Tops Q1 Earnings and Revenue Estimates,0.7885397111940384,0.6673987669005313,0.764448881149292,0.0,earnings,0.17327627474305335,0.2859047619047618,0.03231778408221021,0.0,54.039723010276276,sideways,0.026761904761904782,neutral,0.25,0.1,recommendation_logged
T20250603_091742_0010,FSLR,long,149.57943,3553.4619681515487,2025-06-03T13:17:42.689550+00:00,,,,,RECOMMENDATION,PENDING,MARKET_CLOSED,First Solar: You Haven't Seen Anything Yet,0.7153205275535583,0.6345467800270623,0.7074323892593384,0.0,market_event,0.16139523001879658,0.4710707828299744,-0.015255669601069997,0.0,48.09304129986625,downtrend,0.003616152146253211,neutral,0.25,0.1,recommendation_logged
T20250603_091742_0011,BND,long,72.57249999999999,4255.872725746092,2025-06-03T13:17:42.691531+00:00,,,,,RECOMMENDATION,PENDING,MARKET_CLOSED,2 Options to Take Advantage of a Bond Rally,0.5148667097091675,0.621362144615579,0.4356958568096161,0.0,market_event,0.3847182024397069,0.4734292831442021,-0.04091606908671605,0.0,44.885491364160494,sideways,0.003321339606974742,neutral,0.25,0.1,recommendation_logged
T20250603_091742_0012,RKT,short,12.587399999999999,3229.776760277358,2025-06-03T13:17:42.693424+00:00,,,,,RECOMMENDATION,PENDING,MARKET_CLOSED,"INVESTOR ALERT: Pomerantz Law Firm Reminds Investors With Losses on Their Investment in Rocket Companies, Inc. of Class Action Lawsuit And Upcoming De",0.622469961643219,0.6007769271349254,-0.3126220405101776,0.0,general,0.1726298082587926,0.38452285485164417,-0.04192690343062447,0.0,44.75913707117194,uptrend,0.014434643143544484,neutral,0.25,0.1,recommendation_logged
T20250603_091742_0013,WST,short,210.17961,3385.50830932902,2025-06-03T13:17:42.695860+00:00,,,,,RECOMMENDATION,PENDING,MARKET_CLOSED,"INVESTOR ALERT: Pomerantz Law Firm Reminds Investors With Losses on Their Investment in West Pharmaceutical Services, Inc. of Class Action Lawsuit And",0.5192191004753113,0.5812481513982534,-0.4642018973827362,0.0,general,0.24520170402709612,0.3988021082894101,-0.008492290233940708,0.0,48.93846372075741,sideways,0.012649736463823742,neutral,0.25,0.1,recommendation_logged
T20250603_091742_0014,ELV,short,375.624,3113.5075199605526,2025-06-03T13:17:42.697744+00:00,,,,,RECOMMENDATION,PENDING,MARKET_CLOSED,"INVESTOR ALERT: Pomerantz Law Firm Reminds Investors with Losses on their Investment in Elevance Health, Inc. of Class Action Lawsuit and Upcoming Dea",0.5463294386863708,0.5784835317488297,-0.506624698638916,0.0,general,0.1998391875809377,0.41468085106383,-0.0819815033888877,0.0,39.75231207638904,downtrend,0.010664893617021252,neutral,0.25,0.1,recommendation_logged
T20250603_091742_0015,PFE,short,23.36661,3489.185707308482,2025-06-03T13:17:42.700515+00:00,,,,,RECOMMENDATION,PENDING,MARKET_CLOSED,3 Low-Priced Dividend Stocks Paying Over 5% Right Now,0.48687732219696045,0.5741928799132179,-0.45054101943969727,0.0,corporate_action,0.26480650344811246,0.4658119658119654,0.025775155813679874,0.0,53.221894476709984,uptrend,0.004273504273504335,neutral,0.25,0.1,recommendation_logged
T20250603_091742_0016,UNH,short,304.19050500000003,3058.174035790948,2025-06-03T13:17:42.704747+00:00,,,,,RECOMMENDATION,PENDING,MARKET_CLOSED,INVESTOR ALERT: Pomerantz Law Firm Reminds Investors With Losses on Their Investment in UnitedHealth Group Incorporated of Class Action Lawsuit And Up,0.5123590230941772,0.5688567774908758,-0.472900927066803,0.0,general,0.2130438941773498,0.492,-0.143654991018617,0.0,32.043126122672874,sideways,0.001,neutral,0.25,0.1,recommendation_logged
T20250603_091742_0017,VTRS,short,8.71128,3123.451486885031,2025-06-03T13:17:42.706610+00:00,,,,,RECOMMENDATION,PENDING,MARKET_CLOSED,INVESTOR ALERT: Pomerantz Law Firm Reminds Investors With Losses on Their Investment in Viatris Inc. of Class Action Lawsuit And Upcoming Deadlines - ,0.4995163679122925,0.5645030722284659,-0.4287782907485962,0.0,general,0.21565508354516305,0.416763005780347,0.03400229801871598,0.0,54.2502872523395,sideways,0.01040462427745663,neutral,0.25,0.1,recommendation_logged
T20250603_091742_0018,AJG,short,347.42222999999996,3519.895551047319,2025-06-03T13:17:42.708680+00:00,,,,,RECOMMENDATION,PENDING,MARKET_CLOSED,"US Business Owners are Taking Extra Precautions to Safeguard Their Businesses, According to Gallagher Study",0.5033202767372131,0.5634235914593477,-0.26802390813827515,0.0,general,0.20698493588154182,0.1,0.10484243127436749,0.0,63.105303909295934,strong_uptrend,0.17172596137755614,neutral,0.25,0.1,recommendation_logged
T20250603_094817_0001,MSFT,short,461.48805,5131.120298853415,2025-06-03T13:48:17.518507+00:00,,,,,RECOMMENDATION,PENDING,MARKET_CLOSED,Microsoft Lays Off Thousands of Workers,0.9683785438537598,0.8118770828778923,-0.9613091349601746,0.0,general,0.4150855511212944,0.6115069948013333,0.17702398070875097,0.048767487003333145,72.12799758859387,uptrend,0.001,neutral,0.25,0.1,recommendation_logged
T20250603_094817_0002,ARCC,short,21.81816,5030.784155431581,2025-06-03T13:48:17.520324+00:00,,,,,RECOMMENDATION,PENDING,MARKET_CLOSED,Ares Capital: Overvalued Vs. Other BDCs,0.9420024156570435,0.7959785170908986,-0.901745617389679,0.0,general,0.39725850276027086,0.6054387614607786,0.0774096020312769,0.033596903651946564,59.67620025390961,uptrend,0.001,neutral,0.25,0.1,recommendation_logged
T20250603_094817_0003,QGEN,long,45.11006499999999,4674.396922389648,2025-06-03T13:48:17.521944+00:00,,,,,RECOMMENDATION,PENDING,MARKET_CLOSED,QGEN Stock to Gain From Expanding Oncology Portfolio via New Alliances,0.9340018630027771,0.7765834157523304,0.9237219095230103,0.0,general,0.3432755685040648,0.6091884139695578,0.12669246551313063,0.04297103492389461,65.83655818914133,strong_uptrend,0.001,neutral,0.25,0.1,recommendation_logged
T20250603_094817_0004,TSLA,short,347.067585,4168.75808361988,2025-06-03T13:48:17.523283+00:00,,,,,RECOMMENDATION,PENDING,MARKET_CLOSED,Tesla Sales Drop 67% in France,0.9748868346214294,0.7733201609738284,-0.9663445949554443,0.0,general,0.2778847570841885,0.6152219145914977,0.09026927676204492,0.058054786478744236,61.283659595255614,uptrend,0.001,neutral,0.25,0.1,recommendation_logged
T20250603_094817_0005,F,long,9.959949999999997,4714.015962922028,2025-06-03T13:48:17.524669+00:00,,,,,RECOMMENDATION,PENDING,MARKET_CLOSED,"Ford reports 16% sales increase in May amid employee pricing, tariffs",0.9360247850418091,0.7726207839898225,0.8991532325744629,0.0,general,0.32736956657699645,0.6074768560726451,-0.06298285093053596,0.038792642694178536,42.127143633683005,downtrend,0.0010050251256282978,neutral,0.25,0.1,recommendation_logged
T20250603_094817_0006,ATGE,long,132.91278,4564.222817339174,2025-06-03T13:48:17.526243+00:00,,,,,RECOMMENDATION,PENDING,MARKET_CLOSED,Buy These 4 Stocks With Solid Net Profit Margins to Enhance Return,0.9520988464355469,0.7546664711208952,0.9325385093688965,0.0,earnings,0.24608977515558855,0.5353195005883504,0.12111217303570276,0.029664682307915077,65.13902162946285,strong_uptrend,0.009568296541851958,neutral,0.25,0.1,recommendation_logged
T20250603_094817_0007,APP,long,401.375975,4534.804594191302,2025-06-03T13:48:17.528050+00:00,,,,,RECOMMENDATION,PENDING,MARKET_CLOSED,AppLovin: Nascent Advertising Opportunities Trigger Rich Growth Prospects - Wait For Dips,0.9247304201126099,0.749802346923165,0.9150894284248352,0.0,earnings,0.2663672629270703,0.6049206518241074,0.1799998147004817,0.04875606152031919,72.49997683756021,strong_uptrend,0.0018227215980025423,neutral,0.25,0.1,recommendation_logged
T20250603_094817_0008,PBR,short,11.418569999999999,4562.103974713472,2025-06-03T13:48:17.529651+00:00,,,,,RECOMMENDATION,PENDING,MARKET_CLOSED,Petrobras Announces Gasoline Price Cut for Distributors,0.8286216855049133,0.7383390039250206,-0.7199468016624451,0.0,general,0.3563010990768508,0.546403538955664,-0.11831240239590489,0.13173072515709677,35.21094970051189,downtrend,0.013286093888396844,neutral,0.25,0.1,recommendation_logged
T20250603_094817_0009,LITE,long,77.28720999999999,3960.7304409460758,2025-06-03T13:48:17.531323+00:00,,,,,RECOMMENDATION,PENDING,MARKET_CLOSED,Primech AI Signs Lease Agreement with Leading Facilities Management Leader for HYTRON LITE Robot Deployment at One of Singapore's Largest Hospitals,0.9031514525413513,0.7367430135688386,0.8913936018943787,0.0,general,0.2516081085076602,0.5865346269672775,0.10333337272553843,0.013053411435840458,62.9166715906923,uptrend,0.002335842200882333,neutral,0.25,0.1,recommendation_logged
T20250603_094817_0010,HIMS,long,66.65659,4618.495564048054,2025-06-03T13:48:17.533767+00:00,,,,,RECOMMENDATION,PENDING,MARKET_CLOSED,Hims & Hers stock rockets on news of European launch,0.9518057703971863,0.736367277431131,0.9254024624824524,0.0,ma,0.18548323090752128,0.28495234475612574,0.1567897794554449,0.19474862007671143,69.59872243193061,strong_uptrend,0.049118387909319855,neutral,0.25,0.1,recommendation_logged
T20250603_094817_0011,LOW,long,226.83660999999998,5134.007731878984,2025-06-03T13:48:17.537144+00:00,,,,,RECOMMENDATION,PENDING,MARKET_CLOSED,Lowe's Strengthens Pro Segment With Artisan Design Group Acquisition,0.8093908824968339,0.7251764686333639,0.9299197196960449,0.0,ma,0.33806705211543486,0.5955950976430022,0.017828460931506928,0.024320311901870523,52.228557616438366,sideways,0.001766628389718248,neutral,0.25,0.1,recommendation_logged
T20250603_094817_0012,BCS,long,17.832815,4383.55833930125,2025-06-03T13:48:17.539136+00:00,,,,,RECOMMENDATION,PENDING,MARKET_CLOSED,"Lloyds, Barclays: Cash ISAs swell as UK savers shift into higher-yield deposits",0.7185363173484802,0.7045043244876633,0.4626922309398651,0.0,general,0.39029932516090404,0.6010024331953394,0.1696220533679706,0.02250608298834827,71.20275667099632,strong_uptrend,0.001,neutral,0.25,0.1,recommendation_logged
T20250603_094817_0013,SNOW,long,208.96875999999997,4414.504573556005,2025-06-03T13:48:17.541036+00:00,,,,,RECOMMENDATION,PENDING,MARKET_CLOSED,"Snowflake CEO Shares M&A, Partnership Approach",0.7987573691654206,0.7038432036919651,0.053699247539043427,0.6859999999999999,ma,0.28113418675265595,0.6025336369893286,0.20480535948394551,0.03797662771159785,75.60066993549319,strong_uptrend,0.0015821267619138175,neutral,0.25,0.1,recommendation_logged
T20250603_094817_0014,TRV,short,275.529195,4165.4526433203555,2025-06-03T13:48:17.542832+00:00,,,,,RECOMMENDATION,PENDING,MARKET_CLOSED,Travelers Releases 2025 Injury Impact Report,0.621588408946991,0.6620302952668267,-0.5490803122520447,0.0,general,0.3779831056267675,0.5864899156571501,0.13406040276517706,0.01709318533501175,66.75755034564713,uptrend,0.0025434198096068185,neutral,0.25,0.1,recommendation_logged
T20250603_094817_0015,LUMN,long,3.8537498999999995,3569.432194679074,2025-06-03T13:48:17.545220+00:00,,,,,RECOMMENDATION,PENDING,MARKET_CLOSED,Lumen Powers JUNO Trans-Pacific Cable U.S. Landing with High-Capacity Backhaul Network,0.7131748795509338,0.6509062566341577,0.2732674181461334,0.0,general,0.21878768271261378,0.5099024538814227,-0.01277659025116469,0.03722332630460559,48.402926218604414,downtrend,0.013123359580052446,neutral,0.25,0.1,recommendation_logged
T20250603_094817_0016,SLM,long,32.18214999999999,3844.1064243796063,2025-06-03T13:48:17.547314+00:00,,,,,RECOMMENDATION,PENDING,MARKET_CLOSED,Sallie Mae Now Accepting Applications for Its Completing the Dream Scholarship Program,0.6068040132522583,0.6379881129031342,0.3662255108356476,0.0,general,0.3175550253407698,0.5948978154086344,0.03907269260650088,0.012143386949845568,54.88408657581261,sideways,0.001244942421412983,neutral,0.25,0.1,recommendation_logged
T20250603_094817_0017,MBB,short,92.11779,4162.471567492164,2025-06-03T13:48:17.549240+00:00,,,,,RECOMMENDATION,PENDING,MARKET_CLOSED,MBB: An Unlevered RMBS Vehicle Acting As A Sovereign Diversifier,0.5258609056472778,0.6361226409700942,-0.3573092520236969,0.0,general,0.4192609290372771,0.5979981985445317,-0.03283122610052402,0.014995496361329099,45.8960967374345,sideways,0.001,neutral,0.25,0.1,recommendation_logged
T20250603_094817_0018,WDAY,long,247.84759999999997,3303.19779893947,2025-06-03T13:48:17.551691+00:00,,,,,RECOMMENDATION,PENDING,MARKET_CLOSED,"Workday Unveils AI Developer Toolset, Empowering Developers to Customize and Connect AI Apps and Agents on the Workday Platform",0.6154016852378845,0.6144341143860622,0.35787925124168396,0.0,general,0.22757813430302806,0.5982456659344029,-0.012112758970613756,0.015614164836007315,48.48590512867328,sideways,0.001,neutral,0.25,0.1,recommendation_logged
T20250603_094817_0019,FTDR,long,57.02696999999999,4140.787405291859,2025-06-03T13:48:17.554123+00:00,,,,,RECOMMENDATION,PENDING,MARKET_CLOSED,"American Home Shield Now Offering Veterans, Reservists and Active Military a Big Discount On Home Warranties",0.5171146988868713,0.6064707209588389,0.45926809310913086,0.0,earnings,0.33208280468030116,0.5143357011702977,0.2183477035452837,0.029483320722353552,77.29346294316046,strong_uptrend,0.012182203389830469,neutral,0.25,0.1,recommendation_logged
T20250603_094817_0020,NVDA,long,139.48945009999997,3386.636373781581,2025-06-03T13:48:17.555969+00:00,,,,,RECOMMENDATION,PENDING,MARKET_CLOSED,NVIDIA (NASDAQ: NVDA) Price Prediction and Forecast 2025-2030 for June 3,0.5033771395683289,0.5939541641120558,0.4511701464653015,0.0,general,0.3086776942824143,0.6148966373705402,0.14849623456528696,0.05724159342635067,68.56202932066087,strong_uptrend,0.001,neutral,0.25,0.1,recommendation_logged
T20250603_094833_0021,OLLI,long,109.74963999999999,4543.231450332486,2025-06-03T13:48:33.674374+00:00,,,,,RECOMMENDATION,PENDING,MARKET_CLOSED,Ollie's Bargain Outlet (OLLI) Surpasses Q1 Earnings and Revenue Estimates,0.8882434964179993,0.7169633519373608,0.7962722778320312,0.0,earnings,0.20555317790053695,0.2683781190401173,-0.03436531152106443,0.1709452976002932,45.70433605986695,sideways,0.07928564419585908,neutral,0.25,0.1,recommendation_logged
T20250603_095848_0022,CRWD,short,482.65686,4419.739684235818,2025-06-03T13:58:48.190189+00:00,,,,,RECOMMENDATION,PENDING,MARKET_CLOSED,Options Corner: CRWD All-Time High Ahead of Earnings,0.7402280569076538,0.6927261050798525,-0.6814119219779968,0.0,earnings,0.32211627438930335,0.6341253158165492,0.1677839577512209,0.10531328954137305,70.97299471890261,strong_uptrend,0.001,neutral,0.25,0.1,recommendation_logged
T20250603_100419_0023,COIN,long,251.54139009999997,3542.2880393811956,2025-06-03T14:04:19.905367+00:00,,,,,RECOMMENDATION,PENDING,MARKET_CLOSED,SOLARBANK ANNOUNCES BITCOIN TREASURY STRATEGY,0.8074806332588196,0.6589077454206094,0.8000400066375732,0.0,general,0.1197183070569385,0.21631859954743252,0.07297699017465818,0.040796498868581284,59.12212377183227,uptrend,0.1753099353937489,neutral,0.25,0.1,recommendation_logged
T20250603_100537_0024,TSM,long,196.18128529999998,5103.961954060028,2025-06-03T14:05:37.069023+00:00,,,,,RECOMMENDATION,PENDING,MARKET_CLOSED,Taiwan Semiconductor Rises 13% in Three Months: How to Play the Stock?,0.9328942894935608,0.7737650507865252,0.8924881219863892,0.0,earnings,0.3353577832970033,0.5435563739907172,0.12180892216906432,0.0660704221562813,65.22611527113304,strong_uptrend,0.010358974358974411,neutral,0.25,0.1,recommendation_logged
T20250603_100904_0025,NIO,short,3.4374591,5174.262732089481,2025-06-03T14:09:04.205031+00:00,,,,,RECOMMENDATION,PENDING,MARKET_CLOSED,NIO Stock Slumps as Chinese EV Maker Posts Wider-Than-Expected Loss,0.9740667343139648,0.803833731936161,-0.964320719242096,0.0,earnings,0.3806901273685838,0.6768704729755581,-0.11638405308683719,0.36761477893012473,35.45199336414535,strong_downtrend,0.008771929824561476,neutral,0.25,0.1,recommendation_logged
T20250603_100904_0026,PFE,short,23.2144623,5518.963845324254,2025-06-03T14:09:04.207621+00:00,,,,,RECOMMENDATION,PENDING,MARKET_CLOSED,"Buy, Sell, Or Hold PFE Stock At $23?",0.9750993251800537,0.788678086929673,-0.9675686359405518,0.0,biotech,0.32879452285883826,0.62156361206875,0.016294347135089367,0.07390903017187507,52.03679339188617,uptrend,0.001,neutral,0.25,0.1,recommendation_logged
T20250603_100904_0027,CNQ,long,31.081049999999998,4799.644384759681,2025-06-03T14:09:04.213213+00:00,,,,,RECOMMENDATION,PENDING,MARKET_CLOSED,My Top 2 Energy Picks With Up To +7% Yield,0.8977718949317932,0.7667828741195957,0.8890153169631958,0.0,corporate_action,0.3589137204895948,0.6123384818598628,0.06444453371841018,0.05084620464965707,58.05556671480127,uptrend,0.001,neutral,0.25,0.1,recommendation_logged
T20250603_100904_0028,FI,long,158.62847,3173.1447456802343,2025-06-03T14:09:04.215210+00:00,,,,,RECOMMENDATION,PENDING,MARKET_CLOSED,"Fiserv, Inc. (FI) CEO Mike Lyons Presents at Bernstein 41st Annual Strategic Decisions Conference (Transcript)",0.5862551331520081,0.6159054242391759,0.5669969916343689,0.0,analyst,0.2713445699279093,0.6166324612891412,-0.11851837827149632,0.061581153222852666,35.18520271606296,downtrend,0.001,neutral,0.25,0.1,recommendation_logged
T20250603_101550_0029,NIO,short,3.471525,5177.781176011922,2025-06-03T14:15:50.608620+00:00,,,,,RECOMMENDATION,PENDING,MARKET_CLOSED,Is Nio stock set for $2 after disappointing Q1 results?,0.9754332304000854,0.8043803303706094,-0.9677760601043701,0.0,earnings,0.3806901273685838,0.6768704729755581,-0.11638405308683719,0.36761477893012473,35.45199336414535,strong_downtrend,0.008771929824561476,neutral,0.25,0.1,recommendation_logged
T20250603_101550_0030,GM,long,48.01796999999999,5148.7619625463985,2025-06-03T14:15:50.610750+00:00,,,,,RECOMMENDATION,PENDING,MARKET_CLOSED,Dollar General stock pops on strong first quarter earnings report,0.9537673592567444,0.7744558289895274,0.9290075302124023,0.0,earnings,0.30982961762276534,0.6144384588967827,-0.006147898404192745,0.05609614724195679,49.23151269947591,sideways,0.001,neutral,0.25,0.1,recommendation_logged
T20250603_101550_0031,ASTS,short,24.140835,4391.345786325233,2025-06-03T14:15:50.613395+00:00,,,,,RECOMMENDATION,PENDING,MARKET_CLOSED,ASTS Declines 15.6% in the Past 3 Months: Reason to Worry?,0.9714267253875732,0.7260823059400189,-0.9526426792144775,0.0,earnings,0.12503871928329857,0.22838410129444178,0.0020391231271925676,0.0709602532361044,50.25489039089907,sideways,0.2,neutral,0.25,0.1,recommendation_logged
T20250603_101915_0032,GM,long,47.989541599999995,5138.156154146078,2025-06-03T14:19:15.529734+00:00,,,,,RECOMMENDATION,PENDING,MARKET_CLOSED,"Dollar General shares jump 15% as discounter raises full-year forecast, shakes off tariff fears",0.9497791528701782,0.7728605464349009,0.9260604381561279,0.0,earnings,0.30982961762276534,0.6144384588967827,-0.006147898404192745,0.05609614724195679,49.23151269947591,sideways,0.001,neutral,0.25,0.1,recommendation_logged
T20250603_102539_0033,PLTR,long,131.67143989999997,4443.916907751509,2025-06-03T14:25:39.042276+00:00,,,,,RECOMMENDATION,PENDING,MARKET_CLOSED,Palantir Technologies (NASDAQ: PLTR) Price Prediction and Forecast 2025-2030 for June 2,0.9482521414756775,0.7347746209906596,0.9328064322471619,0.0,earnings,0.18491254800129525,0.2908758368564961,0.14214564592373644,0.10303325875558624,67.76820574046705,strong_uptrend,0.0437921833307173,neutral,0.25,0.1,recommendation_logged
T20250603_102746_0034,RBLX,long,89.71962999999998,5276.736801136352,2025-06-03T14:27:46.080326+00:00,,,,,RECOMMENDATION,PENDING,MARKET_CLOSED,Roblox: You Should Have Bought At The Bottom--But It's Still Not Too Late,0.9457573890686035,0.787299652497538,0.9336334466934204,0.0,earnings,0.3633223229003216,0.5766714268465065,0.2896970050633008,0.06940965955323934,86.2121256329126,strong_uptrend,0.006386554621848663,neutral,0.25,0.1,recommendation_logged
T20250603_102904_0035,MO,long,60.29022999999999,5018.115033383517,2025-06-03T14:29:04.012084+00:00,,,,,RECOMMENDATION,PENDING,MARKET_CLOSED,"Altria Group, Inc. (NYSE: MO) Price Prediction and Forecast 2025-2030 (June 2025)",0.9515119194984436,0.7907750828131122,0.9358686804771423,0.0,corporate_action,0.36723438337911546,0.5795491186744536,0.08265796649111594,0.06885280001891163,60.33224581138949,uptrend,0.005999000166638884,neutral,0.25,0.1,recommendation_logged
T20250603_103254_0036,GM,long,48.21656839999999,5101.852527944468,2025-06-03T14:32:54.733070+00:00,,,,,RECOMMENDATION,PENDING,,Dollar General Stock Eyes Best Day on Record After Earnings,0.9361275434494019,0.7673999026665903,0.8991425037384033,0.0,earnings,0.30982961762276534,0.6144384588967827,-0.006147898404192745,0.05609614724195679,49.23151269947591,sideways,0.001,neutral,0.25,0.65,recommendation_logged
T20250603_103254_0037,GOOG,long,168.53837,4745.693987801469,2025-06-03T14:32:54.734974+00:00,,,,,RECOMMENDATION,PENDING,,Why It Makes Sense To Overweight Alphabet Over Apple,0.9477149844169617,0.7423714167912936,0.9352364540100098,0.0,earnings,0.2109514100816966,0.2607131820752873,0.04467528810014159,0.15178295518821827,55.5844110125177,uptrend,0.1060313104222541,neutral,0.25,0.65,recommendation_logged
T20250603_103254_0038,GM,long,48.21656839999999,5101.852527944468,2025-06-03T14:32:54.737099+00:00,,,,,LIVE,EXECUTED,,Dollar General Stock Eyes Best Day on Record After Earnings,0.9361275434494019,0.7673999026665903,0.8991425037384033,0.0,earnings,0.30982961762276534,0.6144384588967827,-0.006147898404192745,0.05609614724195679,49.23151269947591,sideways,0.001,neutral,0.25,0.65,trade_executed
T20250603_103254_0039,GOOG,long,168.53837,4745.693987801469,2025-06-03T14:32:54.739204+00:00,,,,,LIVE,EXECUTED,,Why It Makes Sense To Overweight Alphabet Over Apple,0.9477149844169617,0.7423714167912936,0.9352364540100098,0.0,earnings,0.2109514100816966,0.2607131820752873,0.04467528810014159,0.15178295518821827,55.5844110125177,uptrend,0.1060313104222541,neutral,0.25,0.65,trade_executed
T20250603_103810_0040,FERG,long,204.64443999999997,5957.742736975093,2025-06-03T14:38:10.439969+00:00,,,,,RECOMMENDATION,PENDING,,"Ferguson Stock Soars on HVAC Equipment Maker's Strong Results, Lifted Outlook",0.948024570941925,0.8190592494133639,0.9217625856399536,0.0,earnings,0.4661647367886463,0.8418848306934392,0.22609389124361146,0.6380029804837206,78.26173640545143,strong_uptrend,0.0016645451875061364,neutral,0.25,0.65,recommendation_logged
T20250603_103810_0041,MCD,short,309.37032,5004.050756749439,2025-06-03T14:38:10.441788+00:00,,,,,RECOMMENDATION,PENDING,,McDonald's is bringing back the snack wrap to U.S. restaurants next month,0.9168774485588074,0.7888935223757454,-0.8707502484321594,0.0,general,0.4071418098407412,0.6340042578313181,-0.026427842545993886,0.1050106445782951,46.696519681750765,sideways,0.001,neutral,0.25,0.65,recommendation_logged
T20250603_103810_0042,OLLI,long,110.4057955,4944.170908368873,2025-06-03T14:38:10.443724+00:00,,,,,RECOMMENDATION,PENDING,,"Ollie's Bargain Outlet Tops Q1 Estimates, Lifts Sales Forecast",0.9307611584663391,0.7805640242058748,0.8965927958488464,0.0,earnings,0.3608652027311305,0.6934402193228862,-0.03697199284512516,0.30809859500477366,45.378500894359355,sideways,0.003724902334877903,neutral,0.25,0.65,recommendation_logged
T20250603_103810_0043,FERG,long,204.64443999999997,5957.742736975093,2025-06-03T14:38:10.447080+00:00,,,,,LIVE,EXECUTED,,"Ferguson Stock Soars on HVAC Equipment Maker's Strong Results, Lifted Outlook",0.948024570941925,0.8190592494133639,0.9217625856399536,0.0,earnings,0.4661647367886463,0.8418848306934392,0.22609389124361146,0.6380029804837206,78.26173640545143,strong_uptrend,0.0016645451875061364,neutral,0.25,0.65,trade_executed
T20250603_103810_0044,MCD,short,309.37032,5004.050756749439,2025-06-03T14:38:10.449084+00:00,,,,,LIVE,EXECUTED,,McDonald's is bringing back the snack wrap to U.S. restaurants next month,0.9168774485588074,0.7888935223757454,-0.8707502484321594,0.0,general,0.4071418098407412,0.6340042578313181,-0.026427842545993886,0.1050106445782951,46.696519681750765,sideways,0.001,neutral,0.25,0.65,trade_executed
T20250603_103810_0045,OLLI,long,110.4057955,4944.170908368873,2025-06-03T14:38:10.450904+00:00,,,,,LIVE,EXECUTED,,"Ollie's Bargain Outlet Tops Q1 Estimates, Lifts Sales Forecast",0.9307611584663391,0.7805640242058748,0.8965927958488464,0.0,earnings,0.3608652027311305,0.6934402193228862,-0.03697199284512516,0.30809859500477366,45.378500894359355,sideways,0.003724902334877903,neutral,0.25,0.65,trade_executed
T20250603_104245_0046,WDAY,short,247.6633887,3586.8950869099667,2025-06-03T14:42:45.698429+00:00,,,,,RECOMMENDATION,PENDING,,AI on verge of eight-hour job shift without burnout or break. Is 24-hour AI workday next?,0.4650840163230896,0.556971286787262,-0.24346031248569489,0.0,biotech,0.23645893419342062,0.6102777397999228,-0.009129456596327147,0.04569434949980716,48.85881792545911,sideways,0.001,neutral,0.25,0.65,recommendation_logged
T20250603_104245_0047,WDAY,short,247.6633887,3586.8950869099667,2025-06-03T14:42:45.700406+00:00,,,,,LIVE,EXECUTED,,AI on verge of eight-hour job shift without burnout or break. Is 24-hour AI workday next?,0.4650840163230896,0.556971286787262,-0.24346031248569489,0.0,biotech,0.23645893419342062,0.6102777397999228,-0.009129456596327147,0.04569434949980716,48.85881792545911,sideways,0.001,neutral,0.25,0.65,trade_executed
T20250603_104314_0048,SMMT,short,17.807374799999998,4815.380758132441,2025-06-03T14:43:14.750190+00:00,,,,,RECOMMENDATION,PENDING,,"Down 36.7% in 4 Weeks, Here's Why Summit Therapeutics (SMMT) Looks Ripe for a Turnaround",0.9665370583534241,0.7830503832241624,-0.9515041708946228,0.0,earnings,0.32145186627597605,0.7117495219147487,-0.11025869066899595,0.32434288854178894,36.21766366637551,strong_downtrend,0.002248454187745877,neutral,0.25,0.65,recommendation_logged
T20250603_104314_0049,ATI,short,81.56835000000001,4337.697902058705,2025-06-03T14:43:14.752624+00:00,,,,,RECOMMENDATION,PENDING,,Wall Street Analysts See Allegheny Technologies (ATI) as a Buy: Should You Invest?,0.7228006720542908,0.7074072191776247,-0.23451270163059235,0.0,general,0.3942898345196947,0.5947718313403718,0.2959604418094625,0.07034469120667107,86.99505522618281,strong_uptrend,0.004170755642787088,neutral,0.25,0.65,recommendation_logged
T20250603_104314_0050,SMMT,short,17.807374799999998,4815.380758132441,2025-06-03T14:43:14.755532+00:00,,,,,LIVE,EXECUTED,,"Down 36.7% in 4 Weeks, Here's Why Summit Therapeutics (SMMT) Looks Ripe for a Turnaround",0.9665370583534241,0.7830503832241624,-0.9515041708946228,0.0,earnings,0.32145186627597605,0.7117495219147487,-0.11025869066899595,0.32434288854178894,36.21766366637551,strong_downtrend,0.002248454187745877,neutral,0.25,0.65,trade_executed
T20250603_104314_0051,ATI,short,81.56835000000001,4337.697902058705,2025-06-03T14:43:14.758065+00:00,,,,,LIVE,EXECUTED,,Wall Street Analysts See Allegheny Technologies (ATI) as a Buy: Should You Invest?,0.7228006720542908,0.7074072191776247,-0.23451270163059235,0.0,general,0.3942898345196947,0.5947718313403718,0.2959604418094625,0.07034469120667107,86.99505522618281,strong_uptrend,0.004170755642787088,neutral,0.25,0.65,trade_executed
T20250603_105003_0052,SAIC,short,101.05884,4692.133647831723,2025-06-03T14:50:03.892293+00:00,,,,,RECOMMENDATION,PENDING,,Science Applications Stock Plunges 13% as Q1 Earnings Miss Estimates,0.971581220626831,0.775815748649425,-0.9608607888221741,0.0,earnings,0.2906108679956422,0.5892434379532214,-0.1996283626636224,0.15787068885345049,25.0464546670472,strong_downtrend,0.009238104698519843,neutral,0.25,0.65,recommendation_logged
T20250603_105003_0053,HLT,long,251.81156,4413.8349086551425,2025-06-03T14:50:03.894272+00:00,,,,,RECOMMENDATION,PENDING,,Hilton Fuels Luxury Growth With New Brands and 500 Hotels Pipeline,0.7945868968963623,0.7303999809846784,0.7856985926628113,0.0,general,0.3752174074204447,0.623323887875101,0.08889874380538078,0.07977577152429317,61.1123429756726,uptrend,0.0010733025918270402,neutral,0.25,0.65,recommendation_logged
T20250603_105305_0054,JNJ,long,154.83468,5824.455760325455,2025-06-03T14:53:05.260163+00:00,,,,,RECOMMENDATION,PENDING,,Early results from Johnson & Johnson's trispecific antibody show promising response in heavily pretreated multiple myeloma patients,0.933780312538147,0.7873973163704975,0.9200785160064697,0.0,biotech,0.3796173045174625,0.6195508566144219,0.032179001617526126,0.0688771415360546,54.022375202190766,uptrend,0.001,neutral,0.25,0.65,recommendation_logged
T20250603_105451_0055,AMGN,long,290.535245,5365.066681756409,2025-06-03T14:54:51.543097+00:00,,,,,RECOMMENDATION,PENDING,,Amgen's Imdelltra Cuts Lung Cancer Death Risk by 40% in Phase III,0.9219693541526794,0.7635917212557526,0.8876972198486328,0.0,biotech,0.31601326531560253,0.6210314903104833,0.07610218253215101,0.07257872577620825,59.512772816518876,strong_uptrend,0.001,neutral,0.25,0.65,recommendation_logged
T20250603_105451_0056,RYAAY,long,55.76570999999999,4125.027604947685,2025-06-03T14:54:51.545057+00:00,,,,,RECOMMENDATION,PENDING,,Ryanair's April 2025 Traffic Numbers Improve Year Over Year,0.7459409236907959,0.7062844390106584,0.5120710134506226,0.0,general,0.3596935651144668,0.6288025081448843,0.16906245544960133,0.09200627036221047,71.13280693120016,uptrend,0.001,neutral,0.25,0.65,recommendation_logged
T20250603_105451_0057,LIF,short,62.662275,3427.9228586349304,2025-06-03T14:54:51.546817+00:00,,,,,RECOMMENDATION,PENDING,,"Is Life360, Inc. (LIF) Outperforming Other Industrial Products Stocks This Year?",0.6254891157150269,0.6376344603115571,-0.5110844373703003,0.0,general,0.29146271341848773,0.3780225230360803,0.21696104676304687,0.4450563075902007,77.12013084538086,strong_uptrend,0.2,neutral,0.25,0.65,recommendation_logged
T20250603_105451_0058,FOX,long,50.79074,3554.749012280943,2025-06-03T14:54:51.549299+00:00,,,,,RECOMMENDATION,PENDING,,Is Fox (FOX) Stock Outpacing Its Consumer Discretionary Peers This Year?,0.492287814617157,0.6010608720263857,0.23779597878456116,0.0,general,0.3471524872650762,0.6157220551125411,0.0710006798639932,0.06692944717361782,58.87508498299915,uptrend,0.0013812154696132652,neutral,0.25,0.65,recommendation_logged
T20250603_105815_0059,WMG,short,25.805169,4657.5387090803915,2025-06-03T14:58:15.172335+00:00,,,,,RECOMMENDATION,PENDING,,"Major Labels in Talks to License AI Use of Music, Report Says",0.9721248149871826,0.7910677721250359,-0.963915228843689,0.0,general,0.34072615376720955,0.607875641967687,-0.14597487101260004,0.04291790863582688,31.753141123424996,downtrend,0.0011614401858304738,neutral,0.25,0.65,recommendation_logged
T20250603_110021_0060,XOM,long,104.02892499999999,5677.146928969613,2025-06-03T15:00:21.627779+00:00,,,,,RECOMMENDATION,PENDING,,Exxon-led consortium's profit in Guyana rose to $10.4 bln in 2024,0.9546151161193848,0.8026217526625838,0.9343370795249939,0.0,earnings,0.40258568738276657,0.6465247357114087,-0.023332969604380596,0.14518853578444244,47.083378799452426,sideways,0.0014438348252960409,neutral,0.25,0.85,recommendation_logged
T20250603_110021_0061,HIMS,long,56.501445,5702.136442612979,2025-06-03T15:00:21.630167+00:00,,,,,RECOMMENDATION,PENDING,,Hims & Hers expands into Europe with Zava acquisition,0.8705189824104309,0.7727100650719134,0.8637064695358276,0.0,ma,0.4150082403591369,0.8235937194404213,0.10450224596708564,0.5838069936365142,63.0627807458857,sideways,0.0012411347517730547,neutral,0.25,0.85,recommendation_logged
T20250603_110347_0062,UPST,long,49.129079999999995,4587.430886475582,2025-06-03T15:03:47.166338+00:00,,,,,RECOMMENDATION,PENDING,,Upstart: Inflection Point In Sight,0.9587257504463196,0.7585037841394813,0.944203794002533,0.0,earnings,0.2500449465365114,0.6313766245804149,0.05808047626835447,0.09844156145103694,57.26005953354431,uptrend,0.001,neutral,0.25,0.85,recommendation_logged
T20250603_111523_0063,TSLA,short,349.5642858,4210.219610132561,2025-06-03T15:15:23.425136+00:00,,,,,RECOMMENDATION,PENDING,,Tesla Losing Steam in Europe: What's Impeding Its Growth?,0.9751442074775696,0.781692065484711,-0.967525839805603,0.0,general,0.3054479416456109,0.6606788304905189,0.10526713681494511,0.17169707622629732,63.15839210186814,uptrend,0.001,neutral,0.25,0.85,recommendation_logged
T20250603_111523_0064,TSLA,short,349.5642858,4210.219610132561,2025-06-03T15:15:23.427604+00:00,,,,,LIVE,EXECUTED,,Tesla Losing Steam in Europe: What's Impeding Its Growth?,0.9751442074775696,0.781692065484711,-0.967525839805603,0.0,general,0.3054479416456109,0.6606788304905189,0.10526713681494511,0.17169707622629732,63.15839210186814,uptrend,0.001,neutral,0.25,0.85,trade_executed
T20250603_111737_0065,BILL,long,43.778735,4767.692832759966,2025-06-03T15:17:37.207521+00:00,,,,,RECOMMENDATION,PENDING,,Bill Holdings: Opportunity In The Crash,0.9255925416946411,0.7589621099405014,0.8943676352500916,0.0,earnings,0.2957503108754832,0.6382566786864317,-0.021914746767327815,0.12767830998839041,47.26065665408402,downtrend,0.001601830663615567,neutral,0.25,0.85,recommendation_logged
T20250603_111737_0066,TMO,long,401.05565499999994,4554.960063192076,2025-06-03T15:17:37.210359+00:00,,,,,RECOMMENDATION,PENDING,,TMO Launches Next-Generation Mass Spectrometers: Stock to Gain?,0.6916918158531189,0.6782301788181937,0.6818418502807617,0.0,biotech,0.3385115082564871,0.6435923839715589,-0.04929774671215603,0.17807250622774295,43.8377816609805,sideways,0.003454577314942287,neutral,0.25,0.85,recommendation_logged
T20250603_112426_0067,RIVN,long,14.489875399999999,3844.9467873218064,2025-06-03T15:24:26.433829+00:00,,,,,RECOMMENDATION,PENDING,,Rivian (NASDAQ: RIVN) Price Prediction and Forecast 2025-2030 for June 3,0.9238839745521545,0.7152058756178956,0.9102320671081543,0.0,general,0.15217428599011235,0.30049662407230116,0.004848882109301542,0.11404212595161473,50.60611026366269,downtrend,0.043140028288543096,neutral,0.25,0.85,recommendation_logged
T20250603_112752_0068,RTX,long,136.83669999999998,4955.441846354908,2025-06-03T15:27:52.572727+00:00,,,,,RECOMMENDATION,PENDING,,RTX's Missile Sales Soar With Key Wins in U.S. Defense Contracts,0.9535202980041504,0.7994671324948291,0.9325615763664246,0.0,general,0.3935300443105633,0.6233295695592742,0.10624348450468353,0.10082722156783085,63.28043556308544,strong_uptrend,0.0021251648834822805,neutral,0.25,0.85,recommendation_logged
T20250603_113535_0069,META,short,665.631702,3735.1505858744526,2025-06-03T15:35:35.205091+00:00,,,,,RECOMMENDATION,PENDING,,Privacy abuse involving Meta and Yandex discovered,0.6024156212806702,0.6500795481636692,-0.5730288028717041,0.0,general,0.36371099883800356,0.6705975859680888,0.15610534704413626,0.19649396492022195,69.51316838051703,strong_uptrend,0.001,neutral,0.25,0.85,recommendation_logged
T20250603_113810_0070,CRDO,long,75.9454696,4958.711760093496,2025-06-03T15:38:10.036910+00:00,,,,,RECOMMENDATION,PENDING,,"Credo Technology's Q4 Earnings and Sales Beat Estimates, Rise Y/Y",0.9518206715583801,0.8198928174757765,0.9274441599845886,0.0,earnings,0.4638818295080815,0.6000000000000001,0.2561876333196921,1.0,82.0234541649615,strong_uptrend,0.2,neutral,0.25,0.85,recommendation_logged
T20250603_113810_0071,UNH,short,302.36733000000004,4505.198673980268,2025-06-03T15:38:10.039050+00:00,,,,,RECOMMENDATION,PENDING,,UnitedHealth to Curtail Medicare Advantage Costs: Margin Boost Ahead?,0.9021517038345337,0.7449071881581131,-0.8358167409896851,0.0,earnings,0.2801550220809987,0.6254792870524438,-0.14884961862726995,0.0836982176311095,31.39379767159126,downtrend,0.001,neutral,0.25,0.85,recommendation_logged
T20250603_121141_0001,FERG,long,206.88667999999998,6919.602709097931,2025-06-03T16:11:41.029447+00:00,,,,,RECOMMENDATION,PENDING,,"Ferguson Stock Soars on HVAC Equipment Maker's Strong Results, Lifted Outlook",0.948024570941925,0.844700508097088,0.9217625856399536,0.0,earnings,0.5516355990677262,0.948122956604851,0.2311689379879206,0.9032307961795043,78.89611724849007,strong_uptrend,0.0016461702333688555,neutral,0.25,0.75,recommendation_logged
T20250603_121141_0002,NIO,short,3.551445,6202.236626995993,2025-06-03T16:11:41.031940+00:00,,,,,RECOMMENDATION,PENDING,,Is Nio stock set for $2 after disappointing Q1 results?,0.9754332304000854,0.8287616567147547,-0.9677760601043701,0.0,earnings,0.4619612151824014,0.814934430457402,-0.08665584036461702,0.5936741043125204,39.168019954422874,downtrend,0.0028169014084507694,neutral,0.25,0.75,recommendation_logged
T20250603_121141_0003,MSFT,short,461.7378,5192.919148595618,2025-06-03T16:11:41.034549+00:00,,,,,RECOMMENDATION,PENDING,,"Disney, Microsoft Announce Massive Layoffs",0.9708936810493469,0.8215504011201651,-0.9643471837043762,0.0,general,0.44397642900142087,0.6485290048319041,0.17976042558321412,0.16376880452605372,72.47005319790176,uptrend,0.0021223146223146618,neutral,0.25,0.75,recommendation_logged
T20250603_121141_0004,CRDO,long,76.187111,4958.947257699876,2025-06-03T16:11:41.037173+00:00,,,,,RECOMMENDATION,PENDING,,"Credo Technology's Q4 Earnings and Sales Beat Estimates, Rise Y/Y",0.9518206715583801,0.8199317555720695,0.9274441599845886,0.0,earnings,0.4640116231623916,0.6000000000000001,0.25183432757737345,1.0,81.47929094717168,strong_uptrend,0.2,neutral,0.25,0.75,recommendation_logged
T20250603_121141_0005,SMMT,short,19.8049752,6166.880786917359,2025-06-03T16:11:41.039150+00:00,,,,,RECOMMENDATION,PENDING,,"Down 36.7% in 4 Weeks, Here's Why Summit Therapeutics (SMMT) Looks Ripe for a Turnaround",0.9665370583534241,0.8161042180365992,-0.9515041708946228,0.0,earnings,0.4316313156507647,0.8745933847209302,-0.05578103725195285,0.7268467312271482,43.02737034350589,strong_downtrend,0.0020181634712411276,neutral,0.25,0.75,recommendation_logged
T20250603_121141_0006,V,long,364.2638999999999,5155.3774444392,2025-06-03T16:11:41.040980+00:00,,,,,RECOMMENDATION,PENDING,,Visa Stock Up 16% YTD & Counting: Buy Now or Wait for a Dip?,0.9551999568939209,0.8135944247446272,0.9390844702720642,0.0,general,0.43838147329019617,0.6348349983831956,0.12849612495970839,0.18132314017709947,66.06201561996355,uptrend,0.004711782210955526,neutral,0.25,0.75,recommendation_logged
T20250603_121141_0007,ARCC,short,21.9078702,5136.23583016409,2025-06-03T16:11:41.042601+00:00,,,,,RECOMMENDATION,PENDING,,Ares Capital: Overvalued Vs. Other BDCs,0.9420024156570435,0.8123360340581565,-0.901745617389679,0.0,general,0.4517835593177969,0.6576705335844542,0.0846624320231693,0.2172690703704531,60.58280400289616,uptrend,0.003654636820465888,neutral,0.25,0.75,recommendation_logged
T20250603_121141_0008,PAYX,long,157.51235499999999,5805.046367725439,2025-06-03T16:11:41.044354+00:00,,,,,RECOMMENDATION,PENDING,,Will Paychex Stock Rise On Its Upcoming Earnings?,0.951062798500061,0.8086113150044463,0.9313621520996094,0.0,earnings,0.42728731868140607,0.6360243685215701,0.10591845689283311,0.11006092130392518,63.23980711160414,uptrend,0.001,neutral,0.25,0.75,recommendation_logged
T20250603_121141_0009,MCD,long,312.21189999999996,5336.1146192144615,2025-06-03T16:11:41.046628+00:00,,,,,RECOMMENDATION,PENDING,,McDonald's: A Resilient Compounder For The Long Run,0.9411826729774475,0.8068227935863996,0.9285714626312256,0.0,corporate_action,0.43449908131806914,0.6674416627248841,-0.001928900261704939,0.1886041568122103,49.75888746728688,sideways,0.001,neutral,0.25,0.75,recommendation_logged
T20250603_121141_0010,MDB,short,193.38642000000002,5249.921124180922,2025-06-03T16:11:41.048670+00:00,,,,,RECOMMENDATION,PENDING,,MDB Stock: How Will MongoDB React To Its Upcoming Earnings?,0.9726980328559875,0.8024767571422331,-0.9618068337440491,0.0,earnings,0.37799181333279375,0.6717414348673776,0.12300056896934393,0.22177249979582947,65.37507112116799,strong_uptrend,0.0021209456313692854,neutral,0.25,0.75,recommendation_logged
T20250603_121141_0011,RTX,long,137.25712,4977.853187808012,2025-06-03T16:11:41.050438+00:00,,,,,RECOMMENDATION,PENDING,,RTX's Missile Sales Soar With Key Wins in U.S. Defense Contracts,0.9535202980041504,0.8023023920859773,0.9325615763664246,0.0,general,0.4029809096143902,0.6424689574118996,0.1218660637522496,0.12617239352974874,65.2332579690312,strong_uptrend,0.001,neutral,0.25,0.75,recommendation_logged
T20250603_121141_0012,CME,long,279.13885999999997,4997.101057912645,2025-06-03T16:11:41.053235+00:00,,,,,RECOMMENDATION,PENDING,,"CME Group Sets New May ADV Record of 28.9 Million Contracts, Up 11% Year Over Year",0.9514443278312683,0.8019749960145628,0.9328697919845581,0.0,market_event,0.40465754960685113,0.6930348176668621,0.016404866690251936,0.28073479308023896,52.05060833628149,sideways,0.0024073874456541837,neutral,0.25,0.75,recommendation_logged
T20250603_121141_0013,TWLO,long,117.39728,4500.849423525848,2025-06-03T16:11:41.055297+00:00,,,,,RECOMMENDATION,PENDING,,Twilio: Improving Customer Monetization (Rating Upgrade),0.9544966220855713,0.8004274373022164,0.9410885572433472,0.0,analyst,0.3954292948932931,0.6722742090651204,0.1261827601917687,0.24051458249185975,65.77284502397109,uptrend,0.0029914529914529427,neutral,0.25,0.75,recommendation_logged
T20250603_121141_0014,HIMS,long,56.567310799999994,4829.410172260406,2025-06-03T16:11:41.056910+00:00,,,,,RECOMMENDATION,PENDING,,Hims & Hers: Still Huge Potential Ahead,0.9531646966934204,0.7985135866832682,0.9323981404304504,0.0,earnings,0.39082569335300044,0.6291900611570171,0.09753681497902313,0.7329464584879528,62.19210187237789,sideways,0.032998565279770506,neutral,0.25,0.75,recommendation_logged
T20250603_121141_0015,MS,long,129.0289,5005.7224044971335,2025-06-03T16:11:41.058944+00:00,,,,,RECOMMENDATION,PENDING,,xAI's $113bn valuation will test appetite for Musk's AI-social media gamble,0.9506213665008545,0.7974762733621263,0.9370483756065369,0.0,social_sentiment,0.3907590892059486,0.6443368006249538,0.11718373946252246,0.13084200156238446,64.6479674328153,uptrend,0.001,neutral,0.25,0.75,recommendation_logged
T20250603_121141_0016,RBLX,long,89.84975999999999,5333.142095502853,2025-06-03T16:11:41.061058+00:00,,,,,RECOMMENDATION,PENDING,,Roblox: You Should Have Bought At The Bottom--But It's Still Not Too Late,0.9457573890686035,0.7963142980375284,0.9336334466934204,0.0,earnings,0.3933711413669565,0.6366019571385475,0.2814109810485237,0.1428671081210457,85.17637263106546,strong_uptrend,0.002568110763733854,neutral,0.25,0.75,recommendation_logged
T20250603_121141_0017,JNJ,long,154.52436999999998,5887.97129875875,2025-06-03T16:11:41.063012+00:00,,,,,RECOMMENDATION,PENDING,,Johnson & Johnson's AKEEGA® (niraparib and abiraterone acetate dual-action tablet) is the first PARP inhibitor combo to show improved efficacy in pati,0.9512927532196045,0.7959034659095804,0.9392301440238953,0.0,biotech,0.3846212154057953,0.6088605561164745,0.035757232333015,0.10507979975020972,54.469654041626875,uptrend,0.004146420472951181,neutral,0.25,0.75,recommendation_logged
T20250603_121141_0018,RCL,long,266.67641,5132.515806199966,2025-06-03T16:11:41.064620+00:00,,,,,RECOMMENDATION,PENDING,,Royal Caribbean Cruises: Best In Class,0.9591154456138611,0.7959006609740427,0.9431144595146179,0.0,earnings,0.3741816090949939,0.6847533365166749,0.1836315099754402,0.2318833412916871,72.95393874693002,strong_uptrend,0.001,neutral,0.25,0.75,recommendation_logged
T20250603_121141_0019,TSM,long,197.67747999999997,5241.105649911392,2025-06-03T16:11:41.066600+00:00,,,,,RECOMMENDATION,PENDING,,TSMC forecasts record profit in 2025 on soaring AI demand,0.948127269744873,0.7948381720588402,0.9279844760894775,0.0,earnings,0.38529088053630317,0.6328122275642032,0.1309844145445429,0.18658848181275164,66.37305181806786,strong_uptrend,0.005227895645112177,neutral,0.25,0.75,recommendation_logged
T20250603_121141_0020,DLTR,short,95.259645,5200.291931175921,2025-06-03T16:11:41.069360+00:00,,,,,RECOMMENDATION,PENDING,,Can Dollar Tree Deliver In Its Next Earnings?,0.974871814250946,0.7946018910193164,-0.9644643664360046,0.0,earnings,0.3488438843964601,0.39799764057747333,0.18736854551032514,0.49499410144368333,73.42106818879064,strong_uptrend,0.10834357198704347,neutral,0.25,0.75,recommendation_logged
T20250603_121141_0021,PFE,short,23.351625,5554.5071278252335,2025-06-03T16:11:41.071403+00:00,,,,,RECOMMENDATION,PENDING,,"Buy, Sell, Or Hold PFE Stock At $23?",0.9750993251800537,0.7936723074859071,-0.9675686359405518,0.0,biotech,0.3454419247129518,0.593766966141976,0.022408139723751618,0.19078027004109516,52.80101746546895,uptrend,0.010318142734307756,neutral,0.25,0.75,recommendation_logged
T20250603_121141_0022,GM,long,48.743694999999995,4660.699086913458,2025-06-03T16:11:41.073092+00:00,,,,,RECOMMENDATION,PENDING,,Dollar General hikes sales forecast as tariff fears send shoppers hunting for deals: ‘Uniquely well-positioned',0.9551616907119751,0.7910976161582488,0.9340013861656189,0.0,general,0.36344313291152897,0.6405827362687939,0.02896049240179684,0.2373991681694125,53.620061550224605,sideways,0.0067971163748713785,neutral,0.25,0.75,recommendation_logged
T20250603_121141_0023,MU,long,101.69949789999998,4960.474540929771,2025-06-03T16:11:41.074794+00:00,,,,,RECOMMENDATION,PENDING,,Upcoming Earnings To Move Micron Technology Stock?,0.9515607953071594,0.7881538025754782,0.9321460723876953,0.0,earnings,0.358431614842048,0.6944748497376483,0.1690257825107615,0.25618712434412055,71.12822281384518,strong_uptrend,0.001,neutral,0.25,0.75,recommendation_logged
T20250603_121141_0024,AMZN,short,206.6416515,4572.259397168817,2025-06-03T16:11:41.077173+00:00,,,,,RECOMMENDATION,PENDING,,"2 ""Magnificent Seven"" Stocks Down 9% and 15% You'll Regret Not Buying on the Dip",0.94107586145401,0.7880653645215353,-0.9060748815536499,0.0,general,0.3721167331331043,0.6528754386184616,0.09720361037426666,0.1708995227050631,62.15045129678333,uptrend,0.0019355463079454452,neutral,0.25,0.75,recommendation_logged
T20250603_121141_0025,CRWD,short,484.59492,5019.833481794673,2025-06-03T16:11:41.079411+00:00,,,,,RECOMMENDATION,PENDING,,"The Day Ahead: Markets Eye Today's JOLTS, Factory Orders, and CrowdStrike Earnings",0.9396553635597229,0.787153224236266,-0.9189375638961792,0.0,earnings,0.37097026270792266,0.6817700231766873,0.17182335686845546,0.27468460497428515,71.47791960855693,strong_uptrend,0.0035129773516283445,neutral,0.25,0.75,recommendation_logged
T20250603_121141_0026,LOW,long,228.02279499999997,5561.536245030884,2025-06-03T16:11:41.081016+00:00,,,,,RECOMMENDATION,PENDING,,Lowe's Strengthens Pro Segment With Artisan Design Group Acquisition,0.9400197863578796,0.7857698771935053,0.9299197196960449,0.0,ma,0.3658732088345114,0.6335460840177602,0.020641548072485194,0.10386521004440051,52.58019350906065,sideways,0.001,neutral,0.25,0.75,recommendation_logged
T20250603_121141_0027,AFG,long,124.81468999999998,4460.367985820679,2025-06-03T16:11:41.082570+00:00,,,,,RECOMMENDATION,PENDING,,Retire With Long-Term Investment Grade Bonds (Part 3): American Financial Group And Its Baby Bond AFGC,0.9460353255271912,0.785725553986255,0.9340139627456665,0.0,analyst,0.35770474591792834,0.6434736938809558,0.021243270407320894,0.13434788054407604,52.65540880091511,uptrend,0.0012831822920843419,neutral,0.25,0.75,recommendation_logged
T20250603_121141_0028,EPD,long,31.286254999999997,5172.439889724658,2025-06-03T16:11:41.085565+00:00,,,,,RECOMMENDATION,PENDING,,This Top High-Yield Dividend Stock's Exports to China Could Take a Hit. Should Income Investors Be Worried?,0.9127702713012695,0.7851078457949604,0.9014304876327515,0.0,corporate_action,0.39999912424817524,0.6460199276308205,0.004379660721786025,0.1350498190770513,50.54745759022325,sideways,0.001,neutral,0.25,0.75,recommendation_logged
T20250603_121141_0029,PSTG,long,54.67461999999999,4172.830519781222,2025-06-03T16:11:41.087777+00:00,,,,,RECOMMENDATION,PENDING,,Pure Storage: Reiterate Buy Rating As Demand Remains Strong,0.9428215026855469,0.7775585023586546,0.9310852289199829,0.0,analyst,0.3347663376147866,0.6463195749140358,0.11794352418971266,0.1357989372850895,64.74294052371408,uptrend,0.001,neutral,0.25,0.75,recommendation_logged
T20250603_121141_0030,AVGO,long,254.74949499999997,5420.889326186203,2025-06-03T16:11:41.089353+00:00,,,,,RECOMMENDATION,PENDING,,2 No-Brainer Artificial Intelligence (AI) Stocks to Buy Right Now,0.8496131896972656,0.775979460807645,0.8416438102722168,0.0,earnings,0.45378061642912915,0.7404369247071756,0.2691317123432996,0.3710923117679391,83.64146404291245,strong_uptrend,0.001,neutral,0.25,0.75,recommendation_logged
T20250603_121141_0031,CNQ,long,31.54151,4839.889099180995,2025-06-03T16:11:41.090977+00:00,,,,,RECOMMENDATION,PENDING,,My Top 2 Energy Picks With Up To +7% Yield,0.8977718949317932,0.7758031450212752,0.8890153169631958,0.0,corporate_action,0.38898129016185967,0.6779495006585744,0.09256397610108458,0.2148737516464359,61.57049701263557,uptrend,0.001,neutral,0.25,0.75,recommendation_logged
T20250603_121141_0032,MRVL,short,63.161775,4156.410107469408,2025-06-03T16:11:41.092930+00:00,,,,,RECOMMENDATION,PENDING,,"MRVL Plunges 30% in 3 Months: Should You Buy, Sell or Hold the Stock?",0.9659923315048218,0.7731417610620179,-0.9502654075622559,0.0,general,0.2891494282002973,0.6540756474768596,0.0429551606051852,0.19541098873969204,55.36939507564815,uptrend,0.0030110935023771428,neutral,0.25,0.75,recommendation_logged
T20250603_121141_0033,AMD,short,116.82545760000001,4511.401914747956,2025-06-03T16:11:41.095280+00:00,,,,,RECOMMENDATION,PENDING,,3 Artificial Intelligence (AI) Stocks to Buy If You're Bullish on a 2025 Rebound,0.9662641882896423,0.7648595191319267,-0.952857255935669,0.0,social_sentiment,0.26117947938689917,0.3659138821750618,0.11519657635823365,0.19739340108982842,64.3995720447792,strong_uptrend,0.0391304347826087,neutral,0.25,0.75,recommendation_logged
T20250603_121141_0034,CG,long,45.3478025,4891.866673356278,2025-06-03T16:11:41.096873+00:00,,,,,RECOMMENDATION,PENDING,,Carlyle's AlpInvest raises $4.1 billion for ninth co-investment fund,0.9282337427139282,0.7627357755334443,0.9126172661781311,0.0,ma,0.3048075948262436,0.642778669231526,0.07068209099692871,0.12694667307881488,58.83526137461609,uptrend,0.001,neutral,0.25,0.75,recommendation_logged
T20250603_121141_0035,TGS,long,28.687258599999996,4778.5167087256605,2025-06-03T16:11:41.098377+00:00,,,,,RECOMMENDATION,PENDING,,"Transportadora De Gas Del Sur: Expanding Earnings, Compressing Multiples",0.9560165405273438,0.7614959858104764,0.9401493668556213,0.0,earnings,0.263631231998463,0.6139519470359642,0.013344433301983883,0.0768379095479516,51.668054162747985,downtrend,0.0020979020979020532,neutral,0.25,0.75,recommendation_logged
T20250603_121141_0036,ESTC,long,82.90281999999998,4602.148349499048,2025-06-03T16:11:41.100275+00:00,,,,,RECOMMENDATION,PENDING,,Elastic: Keys Growth Drivers Are Playing Out As Expected,0.9593359231948853,0.7609372270997103,0.9446936845779419,0.0,earnings,0.2573428594058543,0.5414843429415783,-0.06512157484401292,0.22372059445229278,41.859803144498386,strong_downtrend,0.01850048685491736,neutral,0.25,0.75,recommendation_logged
T20250603_121141_0037,FIS,long,79.81973999999998,4585.565314216173,2025-06-03T16:11:41.103045+00:00,,,,,RECOMMENDATION,PENDING,,FIS Announces ATLAS SP Partners as New Client for Commercial Loan Servicing Solution,0.851621687412262,0.7570685109591695,0.8447690010070801,0.0,general,0.38806611998088236,0.6407048786101839,0.056223855166597905,0.1318940232674532,57.02798189582474,uptrend,0.0015065913370996902,neutral,0.25,0.75,recommendation_logged
T20250603_121141_0038,MO,long,60.105045,4796.056062250293,2025-06-03T16:11:41.104799+00:00,,,,,RECOMMENDATION,PENDING,,"Altria Group, Inc. (NYSE: MO) Price Prediction and Forecast 2025-2030 (June 2025)",0.8411215557241442,0.7561546592009378,0.9358686804771423,0.7742,corporate_action,0.3990201230376005,0.6407286880799689,0.07141245247012205,0.15188012166830134,58.926556558765256,uptrend,0.002502920073418965,neutral,0.25,0.75,recommendation_logged
T20250603_121141_0039,UNH,short,300.62897009999995,4567.820683874304,2025-06-03T16:11:41.106370+00:00,,,,,RECOMMENDATION,PENDING,,"UnitedHealth: Reputation, Complexity, And Regulatory Risks Worth 13x Earnings",0.9220893383026123,0.7552613564606985,-0.9010064601898193,0.0,earnings,0.2880854037988451,0.6314540671662288,-0.14944729312877997,0.09863516791557167,31.319088358902505,downtrend,0.001,neutral,0.25,0.75,recommendation_logged
T20250603_121141_0040,GS,long,605.22462,4731.869214871101,2025-06-03T16:11:41.107935+00:00,,,,,RECOMMENDATION,PENDING,,"Mews' AI-Powered Smart Tips Top 5 Million Weekly Views, Revolutionizing Guest Personalization",0.8343521356582642,0.7540881553785275,0.8260353207588196,0.0,social_sentiment,0.4011576703840725,0.6577397698521239,0.10400304459238885,0.16434942463030966,63.000380574048606,uptrend,0.001,neutral,0.25,0.75,recommendation_logged
T20250603_121141_0041,PLTR,long,131.88185009999998,3988.2861804645518,2025-06-03T16:11:41.110130+00:00,,,,,RECOMMENDATION,PENDING,,Palantir Stock Deep Dive Financial Statement Analysis,0.9509077668190002,0.7418687091637932,0.9350471496582031,0.0,general,0.20501867478731053,0.2860278361867068,0.13883219205880346,0.2150695904667669,67.35402400735043,strong_uptrend,0.09204368174726983,neutral,0.25,0.75,recommendation_logged
T20250603_121141_0042,ARE,long,70.395325,4460.287234496208,2025-06-03T16:11:41.112164+00:00,,,,,RECOMMENDATION,PENDING,,"Alexandria Real Estate: Undervalued, Yielding Over 7% With 14 Years Of Dividend Growth",0.8322000503540039,0.7368028419028576,0.8164011240005493,0.0,corporate_action,0.34640940587085334,0.6512045719120858,-0.052583538757719456,0.15361234003480226,43.42705765528507,sideways,0.00128004551272939,neutral,0.25,0.75,recommendation_logged
T20250603_121141_0043,K,long,81.95187,4825.039823977396,2025-06-03T16:11:41.113674+00:00,,,,,RECOMMENDATION,PENDING,,RXBAR Launches High Protein Innovation Along with a New Lemon Honey Cashew Butter Flavor to Fuel Snacking All Summer Long,0.7150579690933228,0.7309529162163051,0.7042433023452759,0.0,general,0.48309909526325323,0.659303130830911,-0.06431986072587585,0.1682578270772774,41.96001740926552,sideways,0.001,neutral,0.25,0.75,recommendation_logged
T20250603_121141_0044,DECK,long,105.03492999999999,4086.3234013789997,2025-06-03T16:11:41.115187+00:00,,,,,RECOMMENDATION,PENDING,,These 3 Stocks Are Buying Back Billions in Shares,0.8864910006523132,0.7297006073891071,0.8504288792610168,0.0,corporate_action,0.2503473570939395,0.5900149968831456,-0.07316244153147813,0.12800116333597325,40.854694808565235,strong_downtrend,0.007648183556405463,neutral,0.25,0.75,recommendation_logged
T20250603_121141_0045,SHOP,long,105.49038499999999,4404.459728324047,2025-06-03T16:11:41.117826+00:00,,,,,RECOMMENDATION,PENDING,,Why Shopify Stock Jumped 13% in May,0.9551975727081299,0.7282506164556957,0.9385042786598206,0.0,earnings,0.15390529124147923,0.23619155990716192,0.06520614507448812,0.09047889976790477,58.150768134311015,uptrend,0.1861577834650049,neutral,0.25,0.75,recommendation_logged
T20250603_121141_0046,LRCX,long,83.66358,4195.72485976257,2025-06-03T16:11:41.120591+00:00,,,,,RECOMMENDATION,PENDING,,Lam Research (LRCX) Just Overtook the 20-Day Moving Average,0.900964081287384,0.7236690014911469,0.8830750584602356,0.0,social_sentiment,0.2109445632539773,0.2445405995952222,0.10445006436213276,0.11135149898805545,63.056258045266596,uptrend,0.07278562259306787,neutral,0.25,0.75,recommendation_logged
T20250603_121141_0047,ATI,short,81.15876,4391.628520357134,2025-06-03T16:11:41.122526+00:00,,,,,RECOMMENDATION,PENDING,,Wall Street Analysts See Allegheny Technologies (ATI) as a Buy: Should You Invest?,0.722800612449646,0.7162263999432958,-0.23451274633407593,0.0,general,0.42368718321145843,0.647666002027702,0.2951143493340376,0.13916500506925486,86.8892936667547,strong_uptrend,0.001,neutral,0.25,0.75,recommendation_logged
T20250603_121141_0048,HTHT,long,35.35532,4326.645787811279,2025-06-03T16:11:41.124155+00:00,,,,,RECOMMENDATION,PENDING,,"H World Group Releases 2024 Sustainability Report, Advancing Sustainable Development through Service Innovation and Green Operations",0.8509613871574402,0.715384554862976,0.8416537642478943,0.0,general,0.25,0.4,0.0,0.5,50.0,sideways,0.2,neutral,0.25,0.75,recommendation_logged
T20250603_121141_0049,NNN,short,41.66829,4568.90839873067,2025-06-03T16:11:41.125960+00:00,,,,,RECOMMENDATION,PENDING,,"NNN REIT: Tenant Headwinds Linger, But Price And Dividend Profile Remain Attractive",0.6878772974014282,0.6982052070659994,-0.4703255891799927,0.0,corporate_action,0.41018096035142687,0.6350470753538597,0.02880328404766999,0.10761768838464915,53.60041050595875,uptrend,0.001,neutral,0.25,0.75,recommendation_logged
T20250603_121141_0050,TAK,long,14.969954999999999,4153.187473297118,2025-06-03T16:11:41.128007+00:00,,,,,RECOMMENDATION,PENDING,,European Commission Approves ADCETRIS® (brentuximab vedotin) for the Treatment of Adult Patients with Newly Diagnosed Stage IIb/III/IV Hodgkin Lymphom,0.7792606949806213,0.6867042779922485,0.20318108797073364,0.0,general,0.25,0.4,0.0,0.5,50.0,sideways,0.001,neutral,0.25,0.75,recommendation_logged
T20250603_121141_0051,BURL,short,235.06470000000002,4138.88772451272,2025-06-03T16:11:41.129850+00:00,,,,,RECOMMENDATION,PENDING,,Burlington Stores: Near-Term Uncertainty Puts Risk To FY2025 Guidance,0.7671732306480408,0.6843399015398015,-0.5968918204307556,0.0,earnings,0.25823536426861715,0.6187796458451387,-0.03726517367292951,0.09974652583655251,45.34185329088381,downtrend,0.002639870561185285,neutral,0.25,0.75,recommendation_logged
T20250603_121141_0052,TMO,long,401.2308299999999,4583.043693354477,2025-06-03T16:11:41.131666+00:00,,,,,RECOMMENDATION,PENDING,,TMO Launches Next-Generation Mass Spectrometers: Stock to Gain?,0.6916918158531189,0.6824910944889495,0.6818418502807617,0.0,biotech,0.35271456049233973,0.6690776978047039,-0.04818204456438162,0.21264630204272014,43.9772444294523,sideways,0.0019976028765480284,neutral,0.25,0.75,recommendation_logged
T20250603_121141_0053,UBS,short,33.411555,5214.570434380615,2025-06-03T16:11:41.133441+00:00,,,,,RECOMMENDATION,PENDING,,US recession risk: Is the UK about to catch a cold?,0.6178569793701172,0.6818211132202798,-0.22478674352169037,0.0,biotech,0.4489277382407763,0.7497910103327448,0.1405894783050944,0.39447752583186163,67.5736847881368,strong_uptrend,0.001,neutral,0.25,0.75,recommendation_logged
T20250603_121141_0054,TRV,short,275.31440999999995,4269.517118473063,2025-06-03T16:11:41.136771+00:00,,,,,RECOMMENDATION,PENDING,,Travelers Releases 2025 Injury Impact Report,0.621588408946991,0.6786200665532565,-0.5490803122520447,0.0,general,0.43328234324820036,0.6498374276348835,0.11746636713399619,0.14459356908720883,64.68329589174952,uptrend,0.001,neutral,0.25,0.75,recommendation_logged
T20250603_121141_0055,PHG,long,22.832809999999995,4073.997153488812,2025-06-03T16:11:41.141781+00:00,,,,,RECOMMENDATION,PENDING,,"Philips launches intelligent 3D imaging in Europe to empower faster stroke care, helping physicians save time, brain, and lives",0.5891616344451904,0.6611437342992008,0.5780197381973267,0.0,general,0.418263601737082,0.7352171615453678,-0.054326208837350176,0.3580429038634194,43.20922389533123,downtrend,0.001,neutral,0.25,0.75,recommendation_logged
T20250603_121141_0056,ELV,short,376.128495,3675.9902567379486,2025-06-03T16:11:41.146680+00:00,,,,,RECOMMENDATION,PENDING,,"ELV INVESTOR ALERT: Bronstein, Gewirtz and Grossman, LLC Announces that Elevance Health, Inc. Shareholders with Losses Have Opportunity to Lead Class ",0.6593502759933472,0.6540603960482845,-0.25887930393218994,0.0,market_event,0.30106761883648564,0.6089200870730709,-0.08269510455352054,0.20651636462842624,39.66311193080993,downtrend,0.009210807347287454,neutral,0.25,0.75,recommendation_logged
T20250603_121141_0057,FI,long,161.536375,3255.8653366656276,2025-06-03T16:11:41.150520+00:00,,,,,RECOMMENDATION,PENDING,,"Fiserv, Inc. (FI) CEO Mike Lyons Presents at Bernstein 41st Annual Strategic Decisions Conference (Transcript)",0.5862551331520081,0.6319614395701918,0.5669969916343689,0.0,analyst,0.32486462103129554,0.677495891859575,-0.10153625609876266,0.21373972964893734,37.30796798765467,downtrend,0.001,neutral,0.25,0.75,recommendation_logged
T20250603_121141_0058,WDAY,long,250.24999999999997,3146.564600304998,2025-06-03T16:11:41.155402+00:00,,,,,RECOMMENDATION,PENDING,,"Workday Unveils AI Developer Toolset, Empowering Developers to Customize and Connect AI Apps and Agents on the Workday Platform",0.6154016852378845,0.5852984747591143,0.35787925124168396,0.0,general,0.13045933554653483,0.2347406800466147,0.0029197190639316094,0.08685170011653671,50.36496488299145,sideways,0.06855165933455777,neutral,0.25,0.75,recommendation_logged
T20250603_121141_0059,FERG,long,206.88667999999998,6919.602709097931,2025-06-03T16:11:41.164608+00:00,,,,,LIVE,EXECUTED,,"Ferguson Stock Soars on HVAC Equipment Maker's Strong Results, Lifted Outlook",0.948024570941925,0.844700508097088,0.9217625856399536,0.0,earnings,0.5516355990677262,0.948122956604851,0.2311689379879206,0.9032307961795043,78.89611724849007,strong_uptrend,0.0016461702333688555,neutral,0.25,0.75,trade_executed
T20250603_121141_0060,NIO,short,3.551445,6202.236626995993,2025-06-03T16:11:41.166339+00:00,,,,,LIVE,EXECUTED,,Is Nio stock set for $2 after disappointing Q1 results?,0.9754332304000854,0.8287616567147547,-0.9677760601043701,0.0,earnings,0.4619612151824014,0.814934430457402,-0.08665584036461702,0.5936741043125204,39.168019954422874,downtrend,0.0028169014084507694,neutral,0.25,0.75,trade_executed
T20250603_121141_0061,MSFT,short,461.7378,5192.919148595618,2025-06-03T16:11:41.170904+00:00,,,,,LIVE,EXECUTED,,"Disney, Microsoft Announce Massive Layoffs",0.9708936810493469,0.8215504011201651,-0.9643471837043762,0.0,general,0.44397642900142087,0.6485290048319041,0.17976042558321412,0.16376880452605372,72.47005319790176,uptrend,0.0021223146223146618,neutral,0.25,0.75,trade_executed
T20250603_121141_0062,CRDO,long,76.187111,4958.947257699876,2025-06-03T16:11:41.173227+00:00,,,,,LIVE,EXECUTED,,"Credo Technology's Q4 Earnings and Sales Beat Estimates, Rise Y/Y",0.9518206715583801,0.8199317555720695,0.9274441599845886,0.0,earnings,0.4640116231623916,0.6000000000000001,0.25183432757737345,1.0,81.47929094717168,strong_uptrend,0.2,neutral,0.25,0.75,trade_executed
T20250603_121141_0063,SMMT,short,19.8049752,6166.880786917359,2025-06-03T16:11:41.175152+00:00,,,,,LIVE,EXECUTED,,"Down 36.7% in 4 Weeks, Here's Why Summit Therapeutics (SMMT) Looks Ripe for a Turnaround",0.9665370583534241,0.8161042180365992,-0.9515041708946228,0.0,earnings,0.4316313156507647,0.8745933847209302,-0.05578103725195285,0.7268467312271482,43.02737034350589,strong_downtrend,0.0020181634712411276,neutral,0.25,0.75,trade_executed
T20250603_121141_0064,V,long,364.2638999999999,5155.3774444392,2025-06-03T16:11:41.177288+00:00,,,,,LIVE,EXECUTED,,Visa Stock Up 16% YTD & Counting: Buy Now or Wait for a Dip?,0.9551999568939209,0.8135944247446272,0.9390844702720642,0.0,general,0.43838147329019617,0.6348349983831956,0.12849612495970839,0.18132314017709947,66.06201561996355,uptrend,0.004711782210955526,neutral,0.25,0.75,trade_executed
T20250603_121141_0065,ARCC,short,21.9078702,5136.23583016409,2025-06-03T16:11:41.179911+00:00,,,,,LIVE,EXECUTED,,Ares Capital: Overvalued Vs. Other BDCs,0.9420024156570435,0.8123360340581565,-0.901745617389679,0.0,general,0.4517835593177969,0.6576705335844542,0.0846624320231693,0.2172690703704531,60.58280400289616,uptrend,0.003654636820465888,neutral,0.25,0.75,trade_executed
T20250603_121141_0066,PAYX,long,157.51235499999999,5805.046367725439,2025-06-03T16:11:41.181554+00:00,,,,,LIVE,EXECUTED,,Will Paychex Stock Rise On Its Upcoming Earnings?,0.951062798500061,0.8086113150044463,0.9313621520996094,0.0,earnings,0.42728731868140607,0.6360243685215701,0.10591845689283311,0.11006092130392518,63.23980711160414,uptrend,0.001,neutral,0.25,0.75,trade_executed
T20250603_121941_0067,HOOD,long,71.8922204,4050.516511945736,2025-06-03T16:19:41.815265+00:00,,,,,RECOMMENDATION,PENDING,,Robinhood Markets Hits 52-Week High: Should You Buy the Stock Now?,0.9396406412124634,0.753444291656573,0.9172989130020142,0.0,general,0.25862678390529215,0.3430355058026078,0.21872370071375247,0.35758876450651933,77.34046258921906,strong_uptrend,0.15484561296239674,neutral,0.25,0.75,recommendation_logged
T20250603_122241_0068,SOLV,long,74.16909499999998,4924.445195901913,2025-06-03T16:22:41.228466+00:00,,,,,RECOMMENDATION,PENDING,,SOLV's Strong Q1 Signals Turnaround: Is the Stock Worth Betting Now?,0.9530543684959412,0.7774667408334373,0.9338845610618591,0.0,earnings,0.320816644783536,0.6280561227864543,0.07725788067696061,0.09445149011037926,59.657235084620076,strong_uptrend,0.0012155591572121716,neutral,0.25,0.75,recommendation_logged
T20250603_122241_0069,COF,short,194.42538000000002,4415.369594983686,2025-06-03T16:22:41.230154+00:00,,,,,RECOMMENDATION,PENDING,,Capital One must face social media creators' lawsuit alleging stolen commissions,0.8326849341392517,0.7354417694134032,-0.8194090723991394,0.0,social_sentiment,0.34122598585900865,0.6244418581006832,0.0892031175983018,0.1372794355136886,61.15038969978772,uptrend,0.0038087395130990227,neutral,0.25,0.75,recommendation_logged
T20250603_122931_0070,IBB,long,124.87094619999999,3928.368990325792,2025-06-03T16:29:31.565676+00:00,,,,,RECOMMENDATION,PENDING,,Biotechnology Sector ETF (IBB) Nears Important Pivot Point,0.7709010243415833,0.684047781427652,0.20862668752670288,0.0,general,0.25229123897006234,0.3426729795920603,0.05429333713970272,0.23778994083682986,56.78666714246284,strong_uptrend,0.044055374592833964,neutral,0.25,0.75,recommendation_logged
T20250603_123956_0071,SARO,long,29.909879999999994,5313.1085952400235,2025-06-03T16:39:56.617809+00:00,,,,,RECOMMENDATION,PENDING,,Why StandardAero's Underperformance Doesn't Match Its Operating Strength,0.9565067291259766,0.7915147960451946,0.9410758018493652,0.0,earnings,0.36304034798268,0.6281019611348082,0.13453313679051065,0.0903554053495818,66.81664209881383,strong_uptrend,0.0010050251256280597,neutral,0.25,0.75,recommendation_logged
T20250603_123956_0072,TGT,long,96.00590999999999,5044.423996109348,2025-06-03T16:39:56.620108+00:00,,,,,RECOMMENDATION,PENDING,,Agnico Eagle: Upping My Target Again Amid Soaring Gold Prices,0.956545352935791,0.7858249216550185,0.9375390410423279,0.0,earnings,0.3440226016023403,0.6708341060713635,0.001101918510571693,0.19708526517840866,50.13773981382146,sideways,0.001,neutral,0.25,0.75,recommendation_logged
T20250603_124955_0073,ALL,long,210.81160099999997,4016.425077584514,2025-06-03T16:49:55.615453+00:00,,,,,RECOMMENDATION,PENDING,,Allstate and Tyler Adams unveil mini-pitch for youth in Philadelphia,0.5523580312728882,0.6456917892629213,0.4317762851715088,0.0,general,0.4158285891792203,0.659481025885666,0.1041546144450522,0.19241633455166196,63.01932680563152,strong_uptrend,0.0021856884918748432,neutral,0.25,0.75,recommendation_logged
T20250603_125324_0074,ENSG,long,150.93078,4906.805686905836,2025-06-03T16:53:24.462549+00:00,,,,,RECOMMENDATION,PENDING,,Ensign Enhances Presence With 3 New Acquisitions in 2 States,0.9491531848907471,0.8013068285381291,0.9337674975395203,0.0,general,0.4054851819394339,0.6618556233803354,0.15431959872216092,0.19315167465269653,69.28994984027011,strong_uptrend,0.0019256308100929088,neutral,0.25,0.75,recommendation_logged
T20250603_125324_0075,PWR,long,356.58623,4633.26712920826,2025-06-03T16:53:24.464488+00:00,,,,,RECOMMENDATION,PENDING,,"Power-Plant Builder Tops Buy Point, Earning Encore As Stock Of The Day",0.8592848777770996,0.7656612585171503,0.8520088195800781,0.0,general,0.40649102468770176,0.6374275559675606,0.20196142561883051,0.26264488958074955,75.24517820235381,strong_uptrend,0.0084537999830924,neutral,0.25,0.75,recommendation_logged
T20250603_142357_0001,FERG,long,208.43822999999998,7307.389500793024,2025-06-03T18:23:57.732518+00:00,,,,,RECOMMENDATION,PENDING,,Ferguson Enterprises Q3 Earnings: Margin Outperformance Justifies The Stock Rally,0.9531357884407043,0.8562997208348777,0.9353410601615906,0.0,earnings,0.5834846848619866,0.9876946741011337,0.23758932630773666,1.0,79.69866578846708,strong_uptrend,0.0015381657373583042,neutral,0.25,0.65,recommendation_logged
T20250603_142357_0002,NIO,short,3.5752212,5969.939328482823,2025-06-03T18:23:57.734763+00:00,,,,,RECOMMENDATION,PENDING,,NIO Q1 2025 Earnings: Widening Losses Cast Doubt On Breakeven Ambitions,0.9719807505607605,0.8293573950109636,-0.9608253836631775,0.0,earnings,0.46855031595553137,0.7851817421411849,-0.0782118810681095,0.6876734564765581,40.22351486648631,downtrend,0.011235955056179785,neutral,0.25,0.65,recommendation_logged
T20250603_142357_0003,UBS,long,33.45842499999999,6227.973370638144,2025-06-03T18:23:57.736850+00:00,,,,,RECOMMENDATION,PENDING,,Why UBS thinks Dollar General the best retailer for current economic environment,0.9461724758148193,0.82279464524203,0.9125162959098816,0.0,earnings,0.4810855163870078,0.7897255191687977,0.13979735833891938,0.49431379792199415,67.47466979236492,strong_uptrend,0.001,neutral,0.25,0.65,recommendation_logged
T20250603_142357_0004,MSFT,long,463.38792499999994,5842.3404646601175,2025-06-03T18:23:57.739254+00:00,,,,,RECOMMENDATION,PENDING,,Microsoft Corporation Continues To Be The Story Nobody's Talking About,0.9555802345275879,0.8215799445159175,0.939196765422821,0.0,earnings,0.4644928356829414,0.6795825445743997,0.1803594280322924,0.21895636143599914,72.54492850403655,strong_uptrend,0.001,neutral,0.25,0.65,recommendation_logged
T20250603_142357_0005,F,long,10.2287185,5424.23202528412,2025-06-03T18:23:57.741435+00:00,,,,,RECOMMENDATION,PENDING,,"Ford sees double-digit sales growth in May, driven by trucks and SUVs",0.9566449522972107,0.8214052417550235,0.9362066388130188,0.0,general,0.46249086945379736,0.762900730314217,-0.008315526020281823,0.48568319833456386,48.96055924746477,sideways,0.003921568627451071,neutral,0.25,0.65,recommendation_logged
T20250603_142357_0006,PEP,short,131.86300500000002,5170.492462437929,2025-06-03T18:23:57.743371+00:00,,,,,RECOMMENDATION,PENDING,,Is PepsiCo Still Worth the Gamble After a Drop in Its P/E Valuation?,0.9634409546852112,0.8213756776558778,-0.9477518200874329,0.0,general,0.45333098593931087,0.6853619821953076,-0.03388929907033082,0.23340495548826884,45.76383761620865,uptrend,0.001,neutral,0.25,0.65,recommendation_logged
T20250603_142357_0007,CRDO,long,72.76379109999999,4942.6792940685145,2025-06-03T18:23:57.745246+00:00,,,,,RECOMMENDATION,PENDING,,These Analysts Boost Their Forecasts On Credo Technology Group Following Upbeat Q4 Results,0.9453113675117493,0.8172419467705878,0.9138505458831787,0.0,earnings,0.4637246658862939,0.6000000000000001,0.23684603761082076,1.0,79.6057547013526,strong_uptrend,0.2,neutral,0.25,0.65,recommendation_logged
T20250603_142357_0008,SAN,short,7.907085,5332.913224469145,2025-06-03T18:23:57.746936+00:00,,,,,RECOMMENDATION,PENDING,,"Financial Account Confusion Could Cause Setbacks Amid Rising Economic Uncertainty, Santander Survey Finds",0.9432528614997864,0.8150615246047657,-0.9305016994476318,0.0,market_event,0.4592012666828366,0.6840972849357971,0.14806182588838476,0.23552766240270323,68.5077282360481,sideways,0.0012642225031605293,neutral,0.25,0.65,recommendation_logged
T20250603_142357_0009,IBKR,long,208.42821999999998,4856.85246407203,2025-06-03T18:23:57.748645+00:00,,,,,RECOMMENDATION,PENDING,,Interactive Brokers Reports Y/Y Increase in May Client DARTs,0.9585275053977966,0.8143466595151521,0.9377598762512207,0.0,general,0.43645219118677786,0.7047152660991425,0.147520967151527,0.29255739601708614,68.44012089394087,uptrend,0.0015384615384615057,neutral,0.25,0.65,recommendation_logged
T20250603_142357_0010,AVB,long,203.83362999999997,5740.378999069956,2025-06-03T18:23:57.750087+00:00,,,,,RECOMMENDATION,PENDING,,AvalonBay's Revenue Rise in April and May Surpasses Projection,0.9550272822380066,0.813109041552591,0.9318718314170837,0.0,earnings,0.4369937621912946,0.7198407926971355,0.004156806807625571,0.32908890920499817,50.519600850953196,sideways,0.0014743463731079782,neutral,0.25,0.65,recommendation_logged
T20250603_142357_0011,ENSG,long,151.19604499999997,4959.24427776401,2025-06-03T18:23:57.751785+00:00,,,,,RECOMMENDATION,PENDING,,Ensign Enhances Presence With 3 New Acquisitions in 2 States,0.9491531848907471,0.8097649678360599,0.9337674975395203,0.0,general,0.43367897959920354,0.7004776716513585,0.15688244053747258,0.2750383969055865,69.61030506718407,strong_uptrend,0.0011922108888594968,neutral,0.25,0.65,recommendation_logged
T20250603_142357_0012,CVX,short,139.92992999999998,5082.911672408847,2025-06-03T18:23:57.753312+00:00,,,,,RECOMMENDATION,PENDING,,Chevron Advances Global Workforce Reduction Plan With Texas Layoffs,0.9372034072875977,0.8087097079888559,-0.9094495177268982,0.0,general,0.4460944835793894,0.7066171867727389,0.02315072443239734,0.31084766894699656,52.89384055404967,uptrend,0.002215235100757484,neutral,0.25,0.65,recommendation_logged
T20250603_142357_0013,T,long,27.942914999999996,4892.286126474706,2025-06-03T18:23:57.754763+00:00,,,,,RECOMMENDATION,PENDING,,AT&T Soars 52.2% in a Year: Should You Invest in T Stock Now?,0.9565909504890442,0.8080332450248588,0.9326116442680359,0.0,general,0.4179895494308037,0.6717390357311941,0.05758011453282376,0.23679821769423176,57.19751431660297,uptrend,0.0028725314183123264,neutral,0.25,0.65,recommendation_logged
T20250603_142357_0014,C,short,76.36855499999999,4845.708263191562,2025-06-03T18:23:57.756115+00:00,,,,,RECOMMENDATION,PENDING,,Citibank Drops Gun Policy After Trump Accuses Banks of Discriminating,0.95383220911026,0.8054972871474375,-0.941500723361969,0.0,general,0.4132146783444448,0.6611727499045277,0.15720230905794347,0.17387154234409558,69.65028863224293,strong_uptrend,0.0010469833791388339,neutral,0.25,0.65,recommendation_logged
T20250603_142357_0015,GM,long,49.00395499999999,5542.114274330866,2025-06-03T18:23:57.757603+00:00,,,,,RECOMMENDATION,PENDING,,Dollar General's sales are climbing as higher-income shoppers opt for cheaper deals,0.9520041942596436,0.8043892163336286,0.9336252212524414,0.0,earnings,0.41195846209923737,0.7292323288413687,0.03822012918900941,0.3430808221034219,54.77751614862618,uptrend,0.001,neutral,0.25,0.65,recommendation_logged
T20250603_142357_0016,TMUS,long,244.44419999999997,5627.296837479113,2025-06-03T18:23:57.759158+00:00,,,,,RECOMMENDATION,PENDING,,What Makes T-Mobile (TMUS) a New Buy Stock,0.9520530700683594,0.8040255445394187,0.9316027760505676,0.0,earnings,0.41068105504025,0.657437969150572,0.01062466080663961,0.16359492287642982,51.32808260082995,uptrend,0.001,neutral,0.25,0.65,recommendation_logged
T20250603_142357_0017,STZ,short,176.85297,4876.064854443715,2025-06-03T18:23:57.761737+00:00,,,,,RECOMMENDATION,PENDING,,How to Play Constellation Brands Stock After a 27% Drop in 6 Months,0.9543018341064453,0.8039539915731919,-0.9216675758361816,0.0,general,0.4074441931020456,0.7031942073480022,-0.07450763629678313,0.27798551837000535,40.68654546290211,downtrend,0.001,neutral,0.25,0.65,recommendation_logged
T20250603_142357_0018,BA,short,213.800985,6140.395963820571,2025-06-03T18:23:57.764101+00:00,,,,,RECOMMENDATION,PENDING,,Federal judge cancels Boeing trial over 737 crashes after agreement with DOJ,0.9000536203384399,0.8018205342888465,-0.8904050588607788,0.0,biotech,0.47266362051156824,0.7316432223678779,0.24184086298824423,0.34910805591969474,80.23010787353053,strong_uptrend,0.001,neutral,0.25,0.65,recommendation_logged
T20250603_142357_0019,CAVA,short,81.50841,4656.519929792941,2025-06-03T18:23:57.767130+00:00,,,,,RECOMMENDATION,PENDING,,CAVA Shares Tumble 15% in a Month: Buy the Dip or Brace for More Pain?,0.9743423461914062,0.7988760393270344,-0.966315507888794,0.0,market_event,0.3637970028349062,0.6922485170218569,-0.08593315629407107,0.313995495595349,39.25835546324112,downtrend,0.004168710152035353,neutral,0.25,0.65,recommendation_logged
T20250603_142357_0020,DOCU,short,91.0681407,5589.515661180323,2025-06-03T18:23:57.770251+00:00,,,,,RECOMMENDATION,PENDING,,"Docusign Set to Report Q1 Earnings: Buy, Sell or Hold the Stock?",0.9207703471183777,0.7986572827392349,-0.8757486343383789,0.0,earnings,0.43449714630627917,0.757734268160648,0.11265182201052426,0.4143356704016198,64.08147775131553,strong_uptrend,0.001,neutral,0.25,0.65,recommendation_logged
T20250603_142357_0021,NVDA,long,140.78694629999998,5281.655975416368,2025-06-03T18:23:57.772481+00:00,,,,,RECOMMENDATION,PENDING,,"The Big 3: NVDA, KMI, VZ",0.9440786242485046,0.7977148762861754,0.9228264689445496,0.0,earnings,0.4002780886225787,0.7235735646320209,0.16379466089934386,0.3530683079354058,70.47433261241798,strong_uptrend,0.00220671981776767,neutral,0.25,0.65,recommendation_logged
T20250603_142357_0022,SARO,long,29.834804999999996,5339.142630119729,2025-06-03T18:23:57.774428+00:00,,,,,RECOMMENDATION,PENDING,,Why StandardAero's Underperformance Doesn't Match Its Operating Strength,0.9565067291259766,0.7953977609992924,0.9410758018493652,0.0,earnings,0.3759835644963394,0.6442367996491072,0.13477075608722486,0.13059199912276803,66.84634451090311,strong_uptrend,0.001,neutral,0.25,0.65,recommendation_logged
T20250603_142357_0023,BNTX,long,116.23611999999999,4987.701701669656,2025-06-03T18:23:57.777374+00:00,,,,,RECOMMENDATION,PENDING,,Bristol Myers Collaborates With BNTX for Oncology Candidate,0.9076336622238159,0.7952330519243713,0.898269772529602,0.0,ma,0.44059862344948325,0.6000000000000001,0.14941612214200495,1.0,68.67701526775062,strong_uptrend,0.05472464770467708,neutral,0.25,0.65,recommendation_logged
T20250603_142357_0024,TGT,long,95.69559999999998,5080.495694553963,2025-06-03T18:23:57.780037+00:00,,,,,RECOMMENDATION,PENDING,,Agnico Eagle: Upping My Target Again Amid Soaring Gold Prices,0.956545352935791,0.7906127167532684,0.9375390410423279,0.0,earnings,0.35998191859650647,0.6893971813994582,-0.0026293227714394335,0.24349295349864544,49.67133465357007,sideways,0.001,neutral,0.25,0.65,recommendation_logged
T20250603_142357_0025,PINS,long,33.0126797,4230.890209249924,2025-06-03T18:23:57.783621+00:00,,,,,RECOMMENDATION,PENDING,,"Pinterest Stock Gains on JPMorgan Rating Upgrade, Price Target Raise",0.9510793089866638,0.7891686009016027,0.9296247363090515,0.0,analyst,0.3624562576897905,0.7284238280090667,0.13612490069367242,0.3410595700226666,67.01561258670905,strong_uptrend,0.001,neutral,0.25,0.65,recommendation_logged
T20250603_142357_0026,ABBV,short,188.266545,4788.605434893719,2025-06-03T18:23:57.786574+00:00,,,,,RECOMMENDATION,PENDING,,Bert's May 2025 Dividend Income Summary,0.9509605169296265,0.7880168027159011,-0.9311827421188354,0.0,corporate_action,0.35877531981350164,0.6564576863067684,0.026847842398680655,0.1772855923281755,53.35598029983508,uptrend,0.001807068828062734,neutral,0.25,0.65,recommendation_logged
T20250603_142357_0027,BJ,long,112.44232999999998,4591.857732446416,2025-06-03T18:23:57.789497+00:00,,,,,RECOMMENDATION,PENDING,,4 Stocks With Strong Interest Coverage Ratios to Buy in June 2025,0.9434385299682617,0.7870019104403531,0.9275873303413391,0.0,general,0.3654216615101612,0.6856977444830457,-0.036738734651827316,0.23424436120761397,45.407658168521586,sideways,0.001,neutral,0.25,0.65,recommendation_logged
T20250603_142357_0028,KEY,long,16.056140099999997,4646.9971206397195,2025-06-03T18:23:57.793330+00:00,,,,,RECOMMENDATION,PENDING,,KEYBANK AND QOLO PARTNER TO ADVANCE COMMERCIAL BANKING CAPABILITIES WITH VIRTUAL ACCOUNT MANAGEMENT,0.9201127290725708,0.7865640354650123,0.9096311926841736,0.0,general,0.39506314611994636,0.7035499135455165,0.07635018174256124,0.2788747838637915,59.543772717820154,uptrend,0.001,neutral,0.25,0.65,recommendation_logged
T20250603_142357_0029,DIS,short,113.69619,4377.264940930174,2025-06-03T18:23:57.796804+00:00,,,,,RECOMMENDATION,PENDING,,Disney announces hundreds of global layoffs. Here are the teams that will be affected,0.9311654567718506,0.7853977151679956,-0.9232988357543945,0.0,general,0.37643844153085115,0.6789600136920886,0.18099262528096052,0.21740003423022147,72.62407816012006,strong_uptrend,0.001,neutral,0.25,0.65,recommendation_logged
T20250603_142357_0030,MCK,long,717.1063899999999,4720.391868535359,2025-06-03T18:23:57.800006+00:00,,,,,RECOMMENDATION,PENDING,,McKesson (MCK) is an Incredible Growth Stock: 3 Reasons Why,0.9114760756492615,0.782364214036225,0.9015543460845947,0.0,general,0.39257927925506825,0.6568847282733168,0.037876120758467274,0.17128849643641847,54.73451509480841,sideways,0.001453833787656341,neutral,0.25,0.65,recommendation_logged
T20250603_142357_0031,MRVL,short,62.3409966,4213.906940234365,2025-06-03T18:23:57.802623+00:00,,,,,RECOMMENDATION,PENDING,,"MRVL Plunges 30% in 3 Months: Should You Buy, Sell or Hold the Stock?",0.9659923315048218,0.7816825860032858,-0.9502654075622559,0.0,general,0.3176188446711901,0.7019291581191456,0.03556278915753393,0.27482289529786413,54.44534864469174,sideways,0.001,neutral,0.25,0.65,recommendation_logged
T20250603_142357_0032,SOLV,long,74.319245,4948.897890219353,2025-06-03T18:23:57.804629+00:00,,,,,RECOMMENDATION,PENDING,,SOLV's Strong Q1 Signals Turnaround: Is the Stock Worth Betting Now?,0.9530543684959412,0.7815315593031936,0.9338845610618591,0.0,earnings,0.3343660396827238,0.6556319885626293,0.07995536583469068,0.16334527202668345,59.99442072933633,strong_uptrend,0.0012132650310055161,neutral,0.25,0.65,recommendation_logged
T20250603_142357_0033,ET,long,17.952934999999997,5253.163076802016,2025-06-03T18:23:57.806541+00:00,,,,,RECOMMENDATION,PENDING,,"7.5% Yield, AI Growth, And Dirt-Cheap Valuation: I'm Loading Up On Energy Transfer",0.8879748582839966,0.7801473739533371,0.88031405210495,0.0,earnings,0.4165247687991284,0.7196643142932273,0.06305703303108351,0.3214697650972616,57.88212912888544,uptrend,0.0011154489682096806,neutral,0.25,0.65,recommendation_logged
T20250603_142357_0034,CP,long,82.06197999999999,4766.314152073912,2025-06-03T18:23:57.808751+00:00,,,,,RECOMMENDATION,PENDING,,3 Railroad Stocks to Watch From the Prospering Industry,0.8647220134735107,0.7793344346937816,0.8563628196716309,0.0,general,0.4448187643479242,0.681816154293656,0.15791151595302588,0.22454038573414004,69.73893949412823,strong_uptrend,0.001,neutral,0.25,0.65,recommendation_logged
T20250603_142357_0035,TSLA,long,347.81747,4238.570345722429,2025-06-03T18:23:57.811293+00:00,,,,,RECOMMENDATION,PENDING,,Here's Why Tesla Stock Soared in May,0.9274687767028809,0.7790897011778839,0.9129847288131714,0.0,general,0.3603406349891049,0.7063650413836338,0.09518286758693655,0.34204595217289185,61.89785844836707,uptrend,0.0038066674356903715,neutral,0.25,0.65,recommendation_logged
T20250603_142357_0036,UBER,long,82.85276999999999,4563.899834776822,2025-06-03T18:23:57.813857+00:00,,,,,RECOMMENDATION,PENDING,,Can Uber Stock Outperform the Market?,0.9190595149993896,0.7787826521000711,0.8956301212310791,0.0,general,0.3705294870010512,0.7207322843158546,-0.014372233316279051,0.3218307107896363,48.20347083546512,downtrend,0.001,neutral,0.25,0.65,recommendation_logged
T20250603_142357_0037,COIN,short,257.03271,4182.043815351678,2025-06-03T18:23:57.816655+00:00,,,,,RECOMMENDATION,PENDING,,"Coinbase Global, Inc. (COIN) Shares Slide Amid Disclosure of Material Cybersecurity Incident – Hagens Berman",0.9704379439353943,0.7779099358913093,-0.9603643417358398,0.0,general,0.2991158610571717,0.6791821075585407,0.09386579984817536,0.21795526889635175,61.73322498102192,uptrend,0.001,neutral,0.25,0.65,recommendation_logged
T20250603_142357_0038,APP,long,397.56807089999995,4333.776573215097,2025-06-03T18:23:57.818791+00:00,,,,,RECOMMENDATION,PENDING,,Markets Start June Positive Despite US-China Tensions: Stocks to Watch,0.9376325011253357,0.7738886737884103,0.8973513245582581,0.0,market_event,0.3294522444609199,0.687546374204469,0.15781077161132626,0.23886593551117213,69.72634645141578,strong_uptrend,0.001,neutral,0.25,0.65,recommendation_logged
T20250603_142357_0039,META,long,668.4803125,5272.205687649041,2025-06-03T18:23:57.820805+00:00,,,,,RECOMMENDATION,PENDING,,Meta: A Nuclear Buy At Current Levels,0.8804724812507629,0.7719510257950115,0.8734717965126038,0.0,ma,0.3992067776490211,0.712934344815638,0.16155317457841512,0.3023358620390951,70.19414682230189,strong_uptrend,0.001,neutral,0.25,0.65,recommendation_logged
T20250603_142357_0040,HOOD,long,71.90182999999999,4121.851999499012,2025-06-03T18:23:57.822931+00:00,,,,,RECOMMENDATION,PENDING,,Robinhood Markets Hits 52-Week High: Should You Buy the Stock Now?,0.9396406412124634,0.7667135415734769,0.9172989130020142,0.0,general,0.3028576169616385,0.3977182298671687,0.2210736950973976,0.49429557466792173,77.6342118871747,strong_uptrend,0.1635844233949781,neutral,0.25,0.65,recommendation_logged
T20250603_142357_0041,AMZN,long,206.21600999999995,4948.7990769979415,2025-06-03T18:23:57.825072+00:00,,,,,RECOMMENDATION,PENDING,,Should You Hold on to AMZN Stock in 2H25 Despite its 5.8% YTD Decline?,0.8543555736541748,0.7585524554526581,0.7426842451095581,0.0,earnings,0.3893674199699609,0.6823171484723363,0.08755479709033512,0.24174137737467163,60.94434963629189,uptrend,0.001797425309691545,neutral,0.25,0.65,recommendation_logged
T20250603_142357_0042,PGR,long,287.17688999999996,4787.836085442282,2025-06-03T18:23:57.827599+00:00,,,,,RECOMMENDATION,PENDING,,3 Reasons Why Growth Investors Shouldn't Overlook Progressive (PGR),0.8017047643661499,0.7580019929947055,0.782301127910614,0.0,general,0.4577336241608182,0.7126776390452763,0.08051355685748837,0.3016940976131908,60.064194607186046,uptrend,0.001,neutral,0.25,0.65,recommendation_logged
T20250603_142357_0043,AAPL,long,202.907705,4671.303714448757,2025-06-03T18:23:57.829791+00:00,,,,,RECOMMENDATION,PENDING,,Top 50 High-Quality Dividend Stocks For June 2025,0.8711262941360474,0.7562277267528682,0.8098140358924866,0.0,corporate_action,0.3592573636614974,0.6232662178996802,0.013657266939756255,0.2531613165245581,51.70715836746953,sideways,0.009749788588767886,neutral,0.25,0.65,recommendation_logged
T20250603_142357_0044,MDLZ,long,67.31224499999999,5290.6050830405575,2025-06-03T18:23:57.832527+00:00,,,,,RECOMMENDATION,PENDING,,"Mondelez: Trading At A Premium, But Worth Every Bite",0.8269575810337068,0.7513789606370478,0.9127160310745239,0.8552500000000001,earnings,0.40198642741188356,0.6412930968478099,0.0468891013468475,0.15385057746268443,55.86113766835594,uptrend,0.002530891767157983,neutral,0.25,0.65,recommendation_logged
T20250603_142357_0045,UNH,short,302.002695,4543.682977152451,2025-06-03T18:23:57.834991+00:00,,,,,RECOMMENDATION,PENDING,,UnitedHealth to Curtail Medicare Advantage Costs: Margin Boost Ahead?,0.9021517038345337,0.7512703335238841,-0.8358167409896851,0.0,earnings,0.3013655066335686,0.6486335148140885,-0.1476129306195023,0.14158378703522095,31.54838367256221,downtrend,0.001,neutral,0.25,0.65,recommendation_logged
T20250603_142357_0046,NKE,long,62.08462259999999,4711.865058886688,2025-06-03T18:23:57.837223+00:00,,,,,RECOMMENDATION,PENDING,,Why Nike (NKE) is Poised to Beat Earnings Estimates Again,0.8543464541435242,0.7433876016588423,0.8432875275611877,0.0,earnings,0.3388300666714422,0.6433560800872987,0.03980869381243168,0.1924102357651843,54.97608672655396,uptrend,0.004201001777346874,neutral,0.25,0.65,recommendation_logged
T20250603_142357_0047,COF,short,195.029775,4455.625676492552,2025-06-03T18:23:57.839671+00:00,,,,,RECOMMENDATION,PENDING,,Capital One must face social media creators' lawsuit alleging stolen commissions,0.8326849341392517,0.7429396373929024,-0.8194090723991394,0.0,social_sentiment,0.3662188791240056,0.6743677043740282,0.09435372891866035,0.21463426452444595,61.794216114832544,uptrend,0.0014357501794687781,neutral,0.25,0.65,recommendation_logged
T20250603_142357_0048,FTNT,long,102.657555,4708.471567012981,2025-06-03T18:23:57.842152+00:00,,,,,RECOMMENDATION,PENDING,,What Makes Fortinet (FTNT) a New Buy Stock,0.9526423811912537,0.7428370762116747,0.9333268404006958,0.0,earnings,0.20593374578391083,0.25728255139331985,0.03473910402695487,0.1432063784832996,54.34238800336936,sideways,0.11869867997089702,neutral,0.25,0.65,recommendation_logged
T20250603_142357_0049,DB,long,27.882854999999996,4474.145692187953,2025-06-03T18:23:57.844383+00:00,,,,,RECOMMENDATION,PENDING,,Here's Why Deutsche Bank Stock Is Worth Adding to Your Portfolio,0.7894321084022522,0.740941620373955,0.7804208993911743,0.0,general,0.41722925671018024,0.6801210745087376,0.1014571216714469,0.22185441040977563,62.68214020893086,uptrend,0.0010775862068965925,neutral,0.25,0.65,recommendation_logged
T20250603_142357_0050,MRNA,long,27.977949999999996,4753.653849649904,2025-06-03T18:23:57.847316+00:00,,,,,RECOMMENDATION,PENDING,,Moderna Secures FDA Nod for Next-Gen COVID-19 Vaccine mNexspike,0.9412663578987122,0.7381450077096126,0.9281608462333679,0.0,biotech,0.20546154850042572,0.3242706363485131,0.06348817990260933,0.3106765908712827,57.936022487826165,strong_uptrend,0.10344827586206902,neutral,0.25,0.65,recommendation_logged
T20250603_142357_0051,CRWD,long,485.47498999999993,5089.045335224767,2025-06-03T18:23:57.849644+00:00,,,,,RECOMMENDATION,PENDING,,"CRWD Earnings ""All About Guidance,"" Cybersecurity Sector ""Overstretched""",0.7778874039649963,0.7374493305895088,0.7007327079772949,0.0,earnings,0.4209812300117009,0.7572614504010522,0.16970512415619124,0.41315362600263056,71.2131405195239,strong_uptrend,0.001,neutral,0.25,0.65,recommendation_logged
T20250603_142357_0052,HEI,long,299.08878999999996,4296.512905820262,2025-06-03T18:23:57.851561+00:00,,,,,RECOMMENDATION,PENDING,,Heico Corporation (HEI) Is Up 11.79% in One Week: What You Should Know,0.8089962005615234,0.7374443958209855,0.7964943647384644,0.0,general,0.37948638532125367,0.6656055543650681,0.18194177690593893,0.188121566887689,72.74272211324237,strong_uptrend,0.0012053840487509435,neutral,0.25,0.65,recommendation_logged
T20250603_142357_0053,TSCO,long,49.134085,4410.867260702277,2025-06-03T18:23:57.853731+00:00,,,,,RECOMMENDATION,PENDING,,Tractor Supply Welcomes Lincoln Electric to Its Top-Tier Welding Lineup,0.7817193269729614,0.7319404636507894,0.7733462452888489,0.0,general,0.39750910953868246,0.6900802434247236,-0.05819375465242621,0.24520060856180895,42.725780668446724,sideways,0.001,neutral,0.25,0.65,recommendation_logged
T20250603_142357_0054,MA,long,581.7812,4567.643135122233,2025-06-03T18:23:57.856211+00:00,,,,,RECOMMENDATION,PENDING,,Deutsche Bank and Mastercard Partner on Pay-by-Bank Solutions in Europe,0.6942288875579834,0.7206365712111593,0.6864021420478821,0.0,general,0.47648338729322015,0.7059920604346204,0.11379137262225039,0.2849801510865508,64.2239215777813,uptrend,0.001,neutral,0.25,0.65,recommendation_logged
T20250603_142357_0055,PWR,long,355.69523989999993,4346.781976318359,2025-06-03T18:23:57.858911+00:00,,,,,RECOMMENDATION,PENDING,,"Power-Plant Builder Tops Buy Point, Earning Encore As Stock Of The Day",0.8592848777770996,0.7187139511108398,0.8520088195800781,0.0,general,0.25,0.4,0.0,0.5,50.0,sideways,0.004174894217207386,neutral,0.25,0.65,recommendation_logged
T20250603_142357_0056,MKC,short,73.41650999999999,4911.917715444198,2025-06-03T18:23:57.862237+00:00,,,,,RECOMMENDATION,PENDING,,McCormick Q2 Preview: I Don't Expect Much From Q2 Numbers,0.6851685643196106,0.7028811070035486,-0.6282073259353638,0.0,earnings,0.42937893758568074,0.7025306762392296,-0.018576377099076752,0.27632669059807385,47.677952862615406,sideways,0.001,neutral,0.25,0.65,recommendation_logged
T20250603_142357_0057,IBB,long,125.29977459999998,4132.963758087158,2025-06-03T18:23:57.865392+00:00,,,,,RECOMMENDATION,PENDING,,Biotechnology Sector ETF (IBB) Nears Important Pivot Point,0.7709010243415833,0.6833604097366333,0.20862671732902527,0.0,general,0.25,0.4,0.0,0.5,50.0,sideways,0.001,neutral,0.25,0.65,recommendation_logged
T20250603_142357_0058,PFE,long,23.44342,4458.605928785801,2025-06-03T18:23:57.867939+00:00,,,,,RECOMMENDATION,PENDING,,Pfizer's R&D Optimization Delivers Great Results & Secure Dividends,0.6523149013519287,0.6783758077612143,0.4181898832321167,0.0,earnings,0.3914994907348097,0.6980823181418525,0.021931479663195717,0.2652057953546313,52.741434957899465,uptrend,0.001,neutral,0.25,0.65,recommendation_logged
T20250603_142357_0059,LMT,long,480.18970999999993,4013.181781003534,2025-06-03T18:23:57.870324+00:00,,,,,RECOMMENDATION,PENDING,,Lockheed Martin's AI Fight Club™ Puts AI to the Test for National Security,0.5862342715263367,0.6578516541320807,0.3934011161327362,0.0,general,0.41119315173848653,0.6746573944989214,0.07812155794931722,0.20664348624730325,59.76519474366465,uptrend,0.001,neutral,0.25,0.65,recommendation_logged
T20250603_142357_0060,PNC,long,176.62644999999998,3973.6187278747557,2025-06-03T18:23:57.872921+00:00,,,,,RECOMMENDATION,PENDING,,PNC Financial Gains 17% in a Year: How to Approach the Stock Now?,0.7050341963768005,0.6570136785507202,0.6862079501152039,0.0,general,0.25,0.4,0.0,0.5,50.0,sideways,0.001,neutral,0.25,0.65,recommendation_logged
T20250603_142357_0061,ALL,long,211.21099999999998,4031.991431255391,2025-06-03T18:23:57.874929+00:00,,,,,RECOMMENDATION,PENDING,,Allstate and Tyler Adams unveil mini-pitch for youth in Philadelphia,0.5523580312728882,0.6480946061040986,0.4317762851715088,0.0,general,0.4238379786498114,0.6595238149324025,0.10572424547011668,0.24485822736001003,63.215530683764584,strong_uptrend,0.004802434501450197,neutral,0.25,0.65,recommendation_logged
T20250603_142357_0062,WST,short,210.863925,3616.2621031411727,2025-06-03T18:23:57.876728+00:00,,,,,RECOMMENDATION,PENDING,,"West Pharmaceutical Services, Inc. (WST) Investors Who Lost Money Have Opportunity to Lead Securities Fraud Lawsuit",0.5333454012870789,0.6212248396666933,-0.40363648533821106,0.0,general,0.3596222638395388,0.6696827059153103,0.0075920808932770575,0.19695557995415325,50.94901011165963,sideways,0.0011374407582938819,neutral,0.25,0.65,recommendation_logged
T20250603_142357_0063,FLR,long,43.0367938,3694.15158920288,2025-06-03T18:23:57.879044+00:00,,,,,RECOMMENDATION,PENDING,,"Why Constellation's News Drove Fluor, Centrus, and Vistra Stocks Higher",0.5895137190818787,0.6108054876327514,0.2638038694858551,0.0,general,0.25,0.4,0.0,0.5,50.0,sideways,0.001,neutral,0.25,0.65,recommendation_logged
T20250603_142357_0064,PYPL,long,71.15408299999999,3533.0446334838866,2025-06-03T18:23:57.881376+00:00,,,,,RECOMMENDATION,PENDING,,PayPal Adds New Physical PayPal Credit Card for in-Store Purchases,0.5229185819625854,0.5841674327850341,0.45591822266578674,0.0,general,0.25,0.4,0.0,0.5,50.0,sideways,0.048965808357957004,neutral,0.25,0.65,recommendation_logged
T20250603_142357_0065,FERG,long,208.43822999999998,7307.389500793024,2025-06-03T18:23:57.883363+00:00,,,,,LIVE,EXECUTED,,Ferguson Enterprises Q3 Earnings: Margin Outperformance Justifies The Stock Rally,0.9531357884407043,0.8562997208348777,0.9353410601615906,0.0,earnings,0.5834846848619866,0.9876946741011337,0.23758932630773666,1.0,79.69866578846708,strong_uptrend,0.0015381657373583042,neutral,0.25,0.65,trade_executed
T20250603_142357_0066,NIO,short,3.5752212,5969.939328482823,2025-06-03T18:23:57.885139+00:00,,,,,LIVE,EXECUTED,,NIO Q1 2025 Earnings: Widening Losses Cast Doubt On Breakeven Ambitions,0.9719807505607605,0.8293573950109636,-0.9608253836631775,0.0,earnings,0.46855031595553137,0.7851817421411849,-0.0782118810681095,0.6876734564765581,40.22351486648631,downtrend,0.011235955056179785,neutral,0.25,0.65,trade_executed
T20250603_142357_0067,UBS,long,33.45842499999999,6227.973370638144,2025-06-03T18:23:57.886888+00:00,,,,,LIVE,EXECUTED,,Why UBS thinks Dollar General the best retailer for current economic environment,0.9461724758148193,0.82279464524203,0.9125162959098816,0.0,earnings,0.4810855163870078,0.7897255191687977,0.13979735833891938,0.49431379792199415,67.47466979236492,strong_uptrend,0.001,neutral,0.25,0.65,trade_executed
T20250603_142357_0068,MSFT,long,463.38792499999994,5842.3404646601175,2025-06-03T18:23:57.889052+00:00,,,,,LIVE,EXECUTED,,Microsoft Corporation Continues To Be The Story Nobody's Talking About,0.9555802345275879,0.8215799445159175,0.939196765422821,0.0,earnings,0.4644928356829414,0.6795825445743997,0.1803594280322924,0.21895636143599914,72.54492850403655,strong_uptrend,0.001,neutral,0.25,0.65,trade_executed
T20250603_142357_0069,F,long,10.2287185,5424.23202528412,2025-06-03T18:23:57.891096+00:00,,,,,LIVE,EXECUTED,,"Ford sees double-digit sales growth in May, driven by trucks and SUVs",0.9566449522972107,0.8214052417550235,0.9362066388130188,0.0,general,0.46249086945379736,0.762900730314217,-0.008315526020281823,0.48568319833456386,48.96055924746477,sideways,0.003921568627451071,neutral,0.25,0.65,trade_executed
T20250603_142357_0070,PEP,short,131.86300500000002,5170.492462437929,2025-06-03T18:23:57.892866+00:00,,,,,LIVE,EXECUTED,,Is PepsiCo Still Worth the Gamble After a Drop in Its P/E Valuation?,0.9634409546852112,0.8213756776558778,-0.9477518200874329,0.0,general,0.45333098593931087,0.6853619821953076,-0.03388929907033082,0.23340495548826884,45.76383761620865,uptrend,0.001,neutral,0.25,0.65,trade_executed
T20250603_142357_0071,CRDO,long,72.76379109999999,4942.6792940685145,2025-06-03T18:23:57.895112+00:00,,,,,LIVE,EXECUTED,,These Analysts Boost Their Forecasts On Credo Technology Group Following Upbeat Q4 Results,0.9453113675117493,0.8172419467705878,0.9138505458831787,0.0,earnings,0.4637246658862939,0.6000000000000001,0.23684603761082076,1.0,79.6057547013526,strong_uptrend,0.2,neutral,0.25,0.65,trade_executed
T20250603_142357_0072,SAN,short,7.907085,5332.913224469145,2025-06-03T18:23:57.897575+00:00,,,,,LIVE,EXECUTED,,"Financial Account Confusion Could Cause Setbacks Amid Rising Economic Uncertainty, Santander Survey Finds",0.9432528614997864,0.8150615246047657,-0.9305016994476318,0.0,market_event,0.4592012666828366,0.6840972849357971,0.14806182588838476,0.23552766240270323,68.5077282360481,sideways,0.0012642225031605293,neutral,0.25,0.65,trade_executed
T20250603_142431_0073,QCOM,short,148.49635500000002,4744.343353363973,2025-06-03T18:24:31.881660+00:00,,,,,RECOMMENDATION,PENDING,,Qualcomm: A Technical Deep-Dive Confirms the Worst,0.958480179309845,0.793512820723755,-0.9335006475448608,0.0,general,0.36706916333272305,0.6598710726416217,0.04408170878247785,0.16967768160405428,55.51021359780973,sideways,0.001,neutral,0.25,0.65,recommendation_logged
T20250603_143450_0074,SOFI,long,13.618604999999999,4845.203254692865,2025-06-03T18:34:50.255094+00:00,,,,,RECOMMENDATION,PENDING,,SoFi's Student Loan Refinance Set to Rebound Amid Policy Shifts,0.9220184683799744,0.7846502153211532,0.865264892578125,0.0,market_event,0.38614275989721125,0.7380724123741194,0.07881109381121741,0.3651810309352981,59.851386726402175,uptrend,0.001,neutral,0.25,0.65,recommendation_logged
T20250603_143822_0001,NVDA,long,141.16031929999997,4196.099625165186,2025-06-03T18:38:22.250169+00:00,,,,,RECOMMENDATION,PENDING,,Nvidia is set to reclaim a milestone as AI-chip demand shows no signs of slowing,0.8903144001960754,0.7070841458271905,0.8697083592414856,0.0,general,0.40481736432288196,0.7301861813429573,0.16649158651917378,0.3652155953221861,70.81144831489672,strong_uptrend,0.0019875070982396446,neutral,0.25,0.65,recommendation_logged
T20250603_143822_0002,NFLX,short,1218.22056,4265.696185922539,2025-06-03T18:38:22.252369+00:00,,,,,RECOMMENDATION,PENDING,,"Armo: We're Not in ""Typical Bull Market,"" NFLX Remains ""Great Buy""",0.7868506126213075,0.6678264659393989,-0.9044322967529297,0.0,social_sentiment,0.43600289907186285,0.6906788974740985,0.1830218379623294,0.24669724368524612,72.87772974529118,strong_uptrend,0.001,neutral,0.25,0.65,recommendation_logged
T20250603_143822_0003,RKLB,long,26.756729999999997,4062.0861209351,2025-06-03T18:38:22.254806+00:00,,,,,RECOMMENDATION,PENDING,,Rocket Lab Expands Into Payloads: Should You Be Paying Attention?,0.8548936247825623,0.6476540371388871,0.8471555113792419,0.0,ma,0.30051806186901514,0.6556631943477471,0.09613481103740532,0.2592781059894878,62.016851379675664,uptrend,0.006006006006006011,neutral,0.25,0.65,recommendation_logged
T20250603_143822_0004,NVDA,long,141.16031929999997,4196.099625165186,2025-06-03T18:38:22.257057+00:00,,,,,LIVE,EXECUTED,,Nvidia is set to reclaim a milestone as AI-chip demand shows no signs of slowing,0.8903144001960754,0.7070841458271905,0.8697083592414856,0.0,general,0.40481736432288196,0.7301861813429573,0.16649158651917378,0.3652155953221861,70.81144831489672,strong_uptrend,0.0019875070982396446,neutral,0.25,0.65,trade_executed
T20250603_143822_0005,NFLX,short,1218.22056,4265.696185922539,2025-06-03T18:38:22.259095+00:00,,,,,LIVE,EXECUTED,,"Armo: We're Not in ""Typical Bull Market,"" NFLX Remains ""Great Buy""",0.7868506126213075,0.6678264659393989,-0.9044322967529297,0.0,social_sentiment,0.43600289907186285,0.6906788974740985,0.1830218379623294,0.24669724368524612,72.87772974529118,strong_uptrend,0.001,neutral,0.25,0.65,trade_executed
T20250603_143822_0006,RKLB,long,26.756729999999997,4062.0861209351,2025-06-03T18:38:22.261285+00:00,,,,,LIVE,EXECUTED,,Rocket Lab Expands Into Payloads: Should You Be Paying Attention?,0.8548936247825623,0.6476540371388871,0.8471555113792419,0.0,ma,0.30051806186901514,0.6556631943477471,0.09613481103740532,0.2592781059894878,62.016851379675664,uptrend,0.006006006006006011,neutral,0.25,0.65,trade_executed
T20250604_081916_0001,WFC,short,77.30261999999999,4440.171398330393,2025-06-04T12:19:16.943977+00:00,,,,,RECOMMENDATION,PENDING,MARKET_CLOSED,Wells Fargo No Longer Faces Federal Reserve's 2018 Asset Cap,0.9200413392649757,0.6919376109289094,-0.856071412563324,0.0,market_event,0.32979235324105377,0.48033889535635776,0.12203767597732691,0.0,65.25470949716586,uptrend,0.0024576380804552803,neutral,0.25,0.1,recommendation_logged
T20250604_090324_0002,ING,long,21.111089999999997,3851.983159466994,2025-06-04T13:03:24.846053+00:00,,,,,RECOMMENDATION,PENDING,MARKET_CLOSED,Cambrian and ING Announce $150 Million Facility,0.7456584374109904,0.6122864423415187,0.6779274940490723,0.0,general,0.3486430590900591,0.47720797720797636,0.08883330195521233,0.0,61.10416274440154,sideways,0.002849002849002957,neutral,0.25,0.1,recommendation_logged
T20250604_091956_0003,ASML,long,753.2925399999999,4003.551672784403,2025-06-04T13:19:56.661143+00:00,,,,,RECOMMENDATION,PENDING,MARKET_CLOSED,ASML vs. TXN: Which Semiconductor Stock Is the Better Buy Now?,0.9204346971379386,0.6803516077044796,0.8890112638473511,0.0,general,0.30033564783877575,0.4942599092698049,0.08065805022762214,0.005649773174512204,60.08225627845277,uptrend,0.001,neutral,0.25,0.1,recommendation_logged
T20250604_091956_0004,CCL,long,23.88386,3634.037895324432,2025-06-04T13:19:56.663509+00:00,,,,,RECOMMENDATION,PENDING,MARKET_CLOSED,Carnival's Onboard Strategy Gains Steam: Is the Momentum Sustainable?,0.94086092710495,0.6636223742536296,0.9293820858001709,0.0,general,0.23297977675288656,0.47985732270247516,0.16311309754842046,0.0,70.38913719355256,strong_uptrend,0.002517834662190612,neutral,0.25,0.1,recommendation_logged
T20250604_094021_0005,LH,long,252.90264999999997,4172.4675724481895,2025-06-04T13:40:21.874823+00:00,,,,,RECOMMENDATION,PENDING,MARKET_CLOSED,Should You Continue to Hold Labcorp Stock in Your Portfolio?,0.9223231077194214,0.6862154452607152,0.9131903648376465,0.0,general,0.3126347285025114,0.4649202862413394,0.08053587476392346,0.007678850166001393,60.06698434549043,uptrend,0.004768906728132643,neutral,0.25,0.1,recommendation_logged
T20250604_094021_0006,WING,long,348.81716869999997,3691.7381407339944,2025-06-04T13:40:21.877568+00:00,,,,,RECOMMENDATION,PENDING,MARKET_CLOSED,WING's Earnings Estimates Trending Up: Is It Time to Buy the Stock?,0.8702787617842356,0.5923825793667031,0.8576341271400452,0.0,earnings,0.1431079961864633,0.10256004497921122,0.22068867152962923,0.006400112448028029,77.58608394120365,strong_uptrend,0.2,neutral,0.25,0.1,recommendation_logged
